Date,Close,Volume,Open,High,Low
2011-05-24,38.84,70156130,35.0,42.01,30.55
2011-05-25,35.0,11750020,37.75,37.9,34.4
2011-05-26,34.77,4415791,34.45,35.45,34.0
2011-05-27,34.45,2005954,34.75,35.0,34.0
2011-05-31,33.45,3979702,34.95,35.37,32.61
2011-06-01,32.25,3719566,32.98,33.07,32.0
2011-06-02,33.52,2096972,32.06,33.75,31.55
2011-06-03,33.5,1963419,33.33,35.5,32.65
2011-06-06,34.23,1653926,33.87,34.99,33.51
2011-06-07,35.0,1424859,34.99,35.22,34.0
2011-06-08,33.29,2072667,34.48,35.25,33.1
2011-06-09,32.79,1625092,33.75,33.75,32.57
2011-06-10,31.824,1265159,32.36,32.75,31.76
2011-06-13,31.33,1100093,31.75,32.28,31.05
2011-06-14,31.6,797289,31.36,32.3,31.36
2011-06-15,30.27,2693421,31.0,31.45,29.91
2011-06-16,30.53,3081265,30.85,30.9,29.76
2011-06-17,30.81,1126334,31.03,31.25,30.24
2011-06-20,30.32,793379,30.94,31.0,29.91
2011-06-21,31.13,1304106,30.32,31.34,29.95
2011-06-22,30.71,511185,30.96,31.11,30.5
2011-06-23,31.17,844263,30.26,31.2,29.8
2011-06-24,31.55,432001,31.25,31.7675,30.51
2011-06-27,32.5,752056,31.73,33.06,31.62
2011-06-28,33.99,1251010,33.03,34.42,32.89
2011-06-29,34.78,869271,34.47,34.98,33.86
2011-06-30,35.51,1537046,34.78,35.73,34.38
2011-07-01,35.69,1059237,35.75,36.33,34.9
2011-07-05,34.085,1688151,36.2,36.3,33.79
2011-07-06,33.93,1848163,33.77,35.0,33.142
2011-07-07,34.15,1395983,34.25,34.4,33.813
2011-07-08,35.95,1747402,33.7,36.0,33.6
2011-07-11,34.13,3324304,35.35,37.09,33.9
2011-07-12,33.54,1279304,34.21,35.18,33.19
2011-07-13,34.49,908263,34.25,34.95,33.96
2011-07-14,34.17,1125627,34.89,35.26,33.3672
2011-07-15,34.99,974122,34.99,35.67,34.33
2011-07-18,35.91,1049308,35.05,35.91,34.73
2011-07-19,35.75,1332052,36.25,36.75,35.64
2011-07-20,34.99,733310,35.93,36.63,34.8
2011-07-21,34.93,451718,35.08,35.53,34.7
2011-07-22,35.65,882010,35.5,36.45,34.76
2011-07-25,36.56,821811,35.55,37.12,35.43
2011-07-26,37.45,2828701,37.15,39.67,37.0
2011-07-27,38.51,2098065,37.01,38.99,36.31
2011-07-28,37.74,3705996,38.16,38.4,32.65
2011-07-29,34.98,1991660,37.0,37.01,34.82
2011-08-01,32.79,1688181,35.38,35.95,32.14
2011-08-02,32.47,1115201,33.0,33.96,32.34
2011-08-03,34.24,1559053,32.81,34.455,31.75
2011-08-04,32.61,1056818,34.0,34.25,32.5
2011-08-05,30.83,2193260,32.72,32.9,30.5
2011-08-08,27.04,2973702,28.88,29.73,26.02
2011-08-09,29.76,1818670,27.32,29.83,26.11
2011-08-10,29.73,1138342,29.64,31.486,28.6001
2011-08-11,30.66,1830067,29.85,32.17,29.65
2011-08-12,30.66,986488,31.1,32.295,30.63
2011-08-15,30.59,735286,30.68,31.96,30.47
2011-08-16,29.18,1491638,30.51,30.78,28.9
2011-08-17,30.01,1200514,30.15,30.4,29.53
2011-08-18,29.56,1151813,29.04,29.79,28.69
2011-08-19,29.99,658646,29.0,30.22,28.48
2011-08-22,29.05,696760,30.97,31.0,28.85
2011-08-23,28.93,1049783,29.11,29.27,27.85
2011-08-24,30.95,1336179,28.17,32.0,28.15
2011-08-25,30.5,925171,32.0,32.03,30.3
2011-08-26,30.45,398938,30.31,30.68,29.75
2011-08-29,30.35,466233,30.82,31.08,30.06
2011-08-30,29.96,869894,29.97,30.66,29.88
2011-08-31,30.97,2123827,30.6,31.71,30.6
2011-09-01,31.19,1117743,31.09,31.9,31.04
2011-09-02,30.38,698018,30.43,31.31,30.02
2011-09-06,29.22,1186931,29.5,29.86,28.885
2011-09-07,29.8,846866,29.66,30.02,29.55
2011-09-08,30.26,786899,30.0,30.995,29.36
2011-09-09,29.93,632546,30.0,30.655,29.55
2011-09-12,29.02,1186827,29.67,30.05,28.7
2011-09-13,28.38,975825,29.06,29.3,28.11
2011-09-14,29.16,1635473,28.55,29.84,28.3
2011-09-15,29.74,516814,29.53,29.86,29.01
2011-09-16,30.01,599194,29.69,30.04,29.45
2011-09-19,29.57,390214,29.5,29.85,28.69
2011-09-20,28.61,725311,29.85,30.0,28.31
2011-09-21,27.96,916186,29.42,29.63,27.93
2011-09-22,25.4,3224608,26.66,26.76,24.15
2011-09-23,25.54,990475,25.22,25.5528,24.95
2011-09-26,25.06,926183,26.0,26.0,24.68
2011-09-27,26.36,1270433,25.8,27.03,25.548
2011-09-28,22.9,5199613,26.21,26.29,22.61
2011-09-29,22.6,4658935,23.59,24.3,21.17
2011-09-30,20.46,2284674,21.52,22.62,19.98
2011-10-03,18.97,2484710,22.5,22.82,18.45
2011-10-04,18.81,2208457,18.75,18.84,17.76
2011-10-05,19.85,1230957,18.25,19.95,17.53
2011-10-06,20.18,1316035,19.8,20.5,19.8
2011-10-07,19.82,467733,20.24,20.294,19.11
2011-10-10,21.57,669525,20.26,21.73,20.03
2011-10-11,24.27,2617879,22.32,26.13,21.668
2011-10-12,23.63,833984,25.01,25.1,23.3
2011-10-13,24.25,422670,23.3,24.62,22.727
2011-10-14,24.17,531314,24.79,25.4,24.01
2011-10-17,24.4,582027,24.05,24.909,23.43
2011-10-18,24.25,506751,24.53,24.79,23.17
2011-10-19,24.73,913861,24.25,25.75,24.25
2011-10-20,25.08,528045,24.03,25.47,24.0
2011-10-21,26.42,816218,25.972,26.75,25.24
2011-10-24,27.53,717372,26.98,27.8,26.27
2011-10-25,25.17,616862,27.09,27.19,25.0
2011-10-26,25.79,1107979,25.57,26.0,25.38
2011-10-27,27.74,1697925,28.1,29.34,26.38
2011-10-28,28.13,878210,27.83,28.2,27.26
2011-10-31,27.52,590351,27.96,28.47,27.09
2011-11-01,26.7,707471,26.2,27.19,26.12
2011-11-02,26.04,529564,27.18,27.29,25.9
2011-11-03,28.62,1979981,26.5,28.72,25.98
2011-11-04,28.55,830832,28.55,28.8,27.38
2011-11-07,27.58,1137966,28.48,28.48,26.82
2011-11-08,27.58,522664,27.42,28.07,27.14
2011-11-09,25.4,636233,26.71,26.94,25.33
2011-11-10,24.99,488985,25.74,26.03,24.765
2011-11-11,25.54,579748,25.22,25.8,24.87
2011-11-14,25.63,587561,25.81,25.81,25.0
2011-11-15,24.81,1072790,25.7,26.0,24.61
2011-11-16,23.51,1270253,24.27,24.57,22.78
2011-11-17,21.99,1884948,24.49,24.49,21.86
2011-11-18,21.65,1066016,22.1,22.67,21.52
2011-11-21,19.72,4183484,21.0,21.12,18.63
2011-11-22,20.06,1188287,20.9,21.18,19.97
2011-11-23,20.05,1244816,20.71,20.71,19.78
2011-11-25,19.75,645972,20.25,20.85,19.51
2011-11-28,20.99,667625,20.51,21.1578,20.14
2011-11-29,21.54,1171622,20.99,21.886,20.5
2011-11-30,21.98,1248262,21.44,22.05,20.95
2011-12-01,21.92,694651,21.81,22.21,21.64
2011-12-02,21.36,1108503,21.73,22.53,21.21
2011-12-05,21.48,604832,22.07,22.07,21.18
2011-12-06,20.88,800354,20.91,21.08,20.17
2011-12-07,21.8,2657579,20.69,22.26,20.5
2011-12-08,20.5,1307147,20.64,21.45,20.42
2011-12-09,19.94,1349205,20.1,20.29,19.61
2011-12-12,18.83,2184761,19.84,19.97,18.33
2011-12-13,18.49,1473703,18.7,18.87,17.92
2011-12-14,17.89,2094726,18.07,18.46,17.76
2011-12-15,17.97,1237806,18.48,18.85,17.65
2011-12-16,17.55,1537985,18.36,18.36,17.01
2011-12-19,16.95,763013,17.57,17.57,16.6
2011-12-20,17.84,1171657,16.85,17.95,16.74
2011-12-21,18.03,677628,17.79,18.06,17.695
2011-12-22,19.2,869836,17.99,19.49,17.5
2011-12-23,19.96,610645,19.22,20.1,19.22
2011-12-27,19.49,360689,19.61,19.63,18.91
2011-12-28,19.8,445050,19.12,19.89,19.06
2011-12-29,19.5,429213,19.72,19.85,19.36
2011-12-30,19.7,302253,19.65,19.7,19.25
2012-01-03,19.74,536375,19.95,20.29,19.67
2012-01-04,19.15,526964,19.88,19.88,18.84
2012-01-05,19.29,1403914,19.18,19.47,18.97
2012-01-06,18.61,585265,19.32,19.45,18.57
2012-01-09,18.73,729831,18.62,19.15,18.62
2012-01-10,18.86,682048,19.01,19.1,18.66
2012-01-11,19.2,1486753,19.7,19.89,18.75
2012-01-12,19.05,442889,19.29,19.48,18.82
2012-01-13,18.6,671086,18.56,18.89,18.22
2012-01-17,18.3,519045,18.83,18.83,18.255
2012-01-18,18.52,881474,18.37,18.78,18.1
2012-01-19,18.75,1402188,18.17,18.9,17.94
2012-01-20,18.74,932992,18.34,18.88,18.33
2012-01-23,18.44,489848,18.55,18.75,18.33
2012-01-24,18.72,779195,18.38,18.83,18.33
2012-01-25,19.79,2664377,18.64,19.97,18.34
2012-01-26,20.89,5165937,19.99,21.29,19.97
2012-01-27,20.7,1891420,20.9,20.99,20.44
2012-01-30,20.24,599560,20.16,20.57,20.01
2012-01-31,20.3401,986836,20.5,20.5,19.78
2012-02-01,20.65,986599,20.5,20.7,20.14
2012-02-02,21.39,2426789,20.68,21.42,20.68
2012-02-03,21.82,1345607,21.55,22.09,21.4
2012-02-06,21.5,534760,21.69,21.7,21.0007
2012-02-07,21.5,901945,21.42,21.58,21.12
2012-02-08,21.9,2422676,21.55,22.06,21.3
2012-02-09,22.14,1205068,22.07,22.44,21.9
2012-02-10,21.27,606957,21.87,21.87,21.02
2012-02-13,20.94,474873,21.48,21.653,20.71
2012-02-14,21.5,866190,20.77,21.56,20.47
2012-02-15,21.571,914846,21.64,22.12,21.4
2012-02-16,21.71,1311438,21.5,21.78,21.39
2012-02-17,22.06,1185733,21.94,22.16,21.65
2012-02-21,23.57,4935557,22.1,23.64,22.08
2012-02-22,22.63,3035855,23.8,23.84,21.57
2012-02-23,22.97,1056370,22.9,23.05,22.28
2012-02-24,22.7,1332742,22.94,23.14,22.54
2012-02-27,22.16,820250,22.66,22.95,21.81
2012-02-28,22.01,1345180,22.13,22.6,21.88
2012-02-29,21.3,1619039,22.07,22.26,21.01
2012-03-01,21.6,1384066,20.91,21.7,20.67
2012-03-02,23.26,3027717,21.69,23.39,21.67
2012-03-05,23.19,3177004,23.26,23.45,22.52
2012-03-06,23.13,1953413,22.76,23.45,22.75
2012-03-07,23.14,2119718,23.18,23.45,22.97
2012-03-08,23.95,2446454,23.32,24.2,23.15
2012-03-09,23.47,715899,23.84,23.9,23.41
2012-03-12,22.94,680157,23.51,23.55,22.87
2012-03-13,23.5,1951178,23.2,23.889,23.2
2012-03-14,24.1,2173545,23.71,24.21,23.33
2012-03-15,23.97,1187569,24.07,24.1,23.75
2012-03-16,24.68,2311464,23.92,24.74,23.799
2012-03-19,24.49,1445203,24.51,24.83,24.01
2012-03-20,24.03,836280,24.25,24.4,23.48
2012-03-21,24.21,445689,23.76,24.5701,23.75
2012-03-22,23.75,526701,24.03,24.0589,23.56
2012-03-23,24.01,959345,23.66,24.06,23.61
2012-03-26,24.28,2110873,24.33,24.46,23.9
2012-03-27,24.95,2905118,24.4,25.08,24.06
2012-03-28,25.0,2122080,25.0,25.21,24.7
2012-03-29,25.35,1649893,24.96,25.41,24.75
2012-03-30,26.87,3887727,25.5,27.0,25.45
2012-04-02,27.005,4013915,26.94,28.14,26.7
2012-04-03,26.67,1397898,27.0,27.0,26.53
2012-04-04,26.04,1365436,26.25,26.39,25.8
2012-04-05,26.62,1145035,26.02,26.66,25.865
2012-04-09,26.6,569412,26.16,27.0,26.1
2012-04-10,25.57,979137,26.5,26.6692,25.38
2012-04-11,26.25,1001449,26.49,26.49,25.77
2012-04-12,26.57,1163750,25.8,26.74,25.7801
2012-04-13,26.56,903440,26.62,26.62,26.11
2012-04-16,26.46,872753,26.81,26.89,26.211
2012-04-17,27.13,2624487,27.0,27.91,26.82
2012-04-18,26.91,715402,27.07,27.07,26.52
2012-04-19,27.3,1730631,26.96,27.48,26.82
2012-04-20,26.65,1241096,27.32,27.5,26.52
2012-04-23,25.84,1530566,26.39,26.55,24.9
2012-04-24,24.54,1730960,25.74,25.77,24.08
2012-04-25,24.54,2609326,25.16,25.67,24.45
2012-04-26,23.37,3839769,25.9,25.9,22.95
2012-04-27,24.69,2676937,23.6,25.42,22.95
2012-04-30,23.72,1525018,24.7,24.96,23.6
2012-05-01,23.92,1226670,23.93,24.1,23.42
2012-05-02,24.08,1329032,24.04,24.57,23.83
2012-05-03,23.93,1253938,24.11,24.11,23.3
2012-05-04,23.35,2379511,23.9,24.04,23.23
2012-05-07,22.57,2940541,23.0,23.15,21.98
2012-05-08,21.82,1299076,22.45,22.57,21.63
2012-05-09,21.8,808649,21.34,22.0,21.05
2012-05-10,21.93,1172122,21.92,22.3,21.73
2012-05-11,22.4,2571256,21.62,22.78,21.62
2012-05-14,21.53,593454,22.4,22.4,21.39
2012-05-15,21.47,761436,21.62,22.13,21.45
2012-05-16,22.18,1228319,21.8,22.798,21.8
2012-05-17,21.0,1006880,21.93,22.43,20.83
2012-05-18,20.47,2181763,21.14,21.43,20.25
2012-05-21,21.25,1791793,20.3,21.28,19.41
2012-05-22,21.16,621956,21.18,21.6,21.01
2012-05-23,20.92,1426551,20.86,21.03,20.6
2012-05-24,20.28,1282788,21.1,21.1,20.13
2012-05-25,20.45,580499,20.28,20.6,20.12
2012-05-29,21.05,1060722,20.58,21.4,20.51
2012-05-30,20.42,768525,20.87,20.89,20.2
2012-05-31,19.93,1441683,20.26,20.42,19.78
2012-06-01,18.49,1828134,19.61,20.05,18.25
2012-06-04,19.08,1049608,18.5,19.48,18.5
2012-06-05,18.95,1758266,18.92,19.04,18.45
2012-06-06,18.79,1363645,19.24,19.32,18.6
2012-06-07,18.88,1696961,19.17,19.29,18.8
2012-06-08,18.95,1302176,18.84,19.18,18.5
2012-06-11,17.71,1345570,19.2,19.2,17.67
2012-06-12,17.43,1901251,17.76,17.81,17.27
2012-06-13,17.18,1641287,17.6,17.6,16.79
2012-06-14,16.66,1644503,17.28,17.44,16.65
2012-06-15,17.56,3201952,16.98,17.68,16.79
2012-06-18,18.56,3898349,17.65,18.93,17.47
2012-06-19,18.81,1754495,18.56,19.01,18.42
2012-06-20,18.56,930429,18.66,18.79,18.37
2012-06-21,17.74,877930,18.55,18.84,17.63
2012-06-22,17.83,2218319,17.84,18.19,17.75
2012-06-25,17.31,2758487,17.65,17.72,17.0
2012-06-26,17.37,889481,17.82,17.82,17.22
2012-06-27,17.86,1439722,17.84,18.1,17.4
2012-06-28,17.94,1607091,17.69,18.32,17.26
2012-06-29,19.05,2515393,18.58,19.36,18.2801
2012-07-02,18.97,1451909,19.24,19.32,18.86
2012-07-03,19.27,974760,19.0,19.95,19.0
2012-07-05,20.25,1641805,19.99,20.48,19.68
2012-07-06,18.9,1564224,19.74,20.17,18.8
2012-07-09,18.85,1241775,18.8,19.079,18.42
2012-07-10,18.35,1007269,18.8,19.03,18.2
2012-07-11,18.41,734295,18.18,18.9,18.18
2012-07-12,18.3,1148680,18.12,18.47,17.95
2012-07-13,18.56,472678,18.27,18.69,18.2621
2012-07-16,17.84,1035049,18.44,18.63,17.73
2012-07-17,18.01,1857596,17.97,18.18,17.73
2012-07-18,18.69,1093295,18.0,19.05,17.83
2012-07-19,19.45,2017485,18.9,19.54,18.77
2012-07-20,18.97,1587255,19.24,19.3899,18.72
2012-07-23,18.54,908088,18.28,18.64,18.07
2012-07-24,18.82,1361568,18.55,19.24,18.55
2012-07-25,19.0,1006865,18.92,19.235,18.59
2012-07-26,19.0,1159555,19.5,19.5,18.93
2012-07-27,20.22,2036670,18.84,20.33,18.52
2012-07-30,20.83,3145533,20.25,20.99,20.2399
2012-07-31,19.23,2968792,21.0,21.57,19.06
2012-08-01,19.74,2530631,19.42,19.99,19.26
2012-08-02,19.25,1001082,19.32,19.96,19.0851
2012-08-03,20.47,2206260,19.64,20.6199,19.32
2012-08-06,21.328,2329900,20.74,21.79,20.21
2012-08-07,20.86,1174252,21.36,21.58,20.74
2012-08-08,21.11,1377358,20.77,21.2,20.68
2012-08-09,20.9,333143,21.07,21.09,20.702
2012-08-10,20.62,1085155,20.82,20.94,20.35
2012-08-13,20.4,587880,20.68,20.91,20.22
2012-08-14,20.2,885110,20.4,20.5979,20.055
2012-08-15,20.13,705502,20.15,20.36,19.7
2012-08-16,21.46,1185381,20.25,21.5338,20.05
2012-08-17,21.24,841477,21.61,21.62,20.95
2012-08-20,20.89,853015,21.12,21.23,20.52
2012-08-21,21.1,1041253,20.92,21.505,20.51
2012-08-22,21.18,583635,21.07,21.3,20.87
2012-08-23,20.99,680730,21.06,21.15,20.52
2012-08-24,20.94,566602,20.84,21.18,20.51
2012-08-27,20.77,514235,20.95,21.22,20.6
2012-08-28,21.17,555919,20.67,21.28,20.66
2012-08-29,21.11,641133,21.13,21.38,20.98
2012-08-30,20.41,703803,21.01,21.15,20.32
2012-08-31,21.12,1022470,20.57,21.205,20.51
2012-09-04,21.3,1274842,20.58,21.565,20.58
2012-09-05,21.74,1044456,21.31,21.7883,21.16
2012-09-06,22.51,4596043,21.3,22.72,21.3
2012-09-07,22.95,3551436,22.45,23.47,22.31
2012-09-10,22.64,736522,22.87,22.9347,22.28
2012-09-11,22.49,1271822,22.81,23.01,22.43
2012-09-12,23.4,3042750,22.67,23.6,22.63
2012-09-13,24.07,3832576,23.34,24.48,23.0868
2012-09-14,24.72,3345877,24.13,25.15,24.1
2012-09-17,24.91,1534370,25.0,25.17,24.13
2012-09-18,25.06,3019967,25.0,25.23,24.48
2012-09-19,24.83,4256314,24.94,25.21,24.34
2012-09-20,24.76,2640253,25.0,25.0,24.33
2012-09-21,24.49,1749624,24.78,24.83,24.44
2012-09-24,24.14,1649278,24.64,24.71,24.01
2012-09-25,23.87,1694440,24.43,24.43,23.75
2012-09-26,23.35,1886983,23.61,23.7399,22.66
2012-09-27,23.34,1509693,23.88,24.07,23.27
2012-09-28,24.15,1915819,23.34,24.25,23.06
2012-10-01,24.44,1962638,24.45,24.98,24.01
2012-10-02,24.6,1075415,24.51,25.0,24.4
2012-10-03,24.64,1365537,24.83,24.87,24.35
2012-10-04,24.78,1399267,24.64,25.08,24.36
2012-10-05,24.2,1007145,25.0,25.07,24.0
2012-10-08,24.14,661899,24.24,24.27,23.87
2012-10-09,23.55,522585,24.1,24.46,23.39
2012-10-10,23.39,1054796,23.68,23.76,23.17
2012-10-11,23.26,1148355,23.63,23.69,23.21
2012-10-12,23.28,813371,23.33,23.4,23.08
2012-10-15,22.93,860483,23.45,23.45,22.86
2012-10-16,23.09,786965,23.28,23.28,22.92
2012-10-17,22.93,948964,23.01,23.27,22.81
2012-10-18,22.41,1530565,22.94,23.35,22.34
2012-10-19,22.24,1004818,22.44,22.84,22.09
2012-10-22,22.25,590189,22.28,22.61,22.06
2012-10-23,22.15,740541,22.0,22.23,21.7
2012-10-24,21.97,812652,22.35,22.96,21.93
2012-10-25,22.74,1195141,22.38,22.84,22.11
2012-10-26,23.07,1090998,22.91,23.17,22.47
2012-10-31,23.31,1722943,23.57,24.52,23.02
2012-11-01,23.0,1555065,23.51,23.97,22.88
2012-11-02,22.77,1662662,23.12,23.25,22.7
2012-11-05,22.46,1641244,22.86,22.99,22.22
2012-11-06,22.17,896932,22.61,22.65,22.1
2012-11-07,21.16,1255061,21.77,21.875,21.02
2012-11-08,20.8,958377,21.21,21.79,20.8
2012-11-09,21.11,689574,20.59,21.42,20.54
2012-11-12,21.3,445229,21.36,21.42,20.96
2012-11-13,20.86,1273058,21.18,21.18,20.56
2012-11-14,21.27,650625,20.88,21.58,20.8513
2012-11-15,21.05,600538,21.23,21.33,20.73
2012-11-16,21.53,529449,21.28,21.65,20.78
2012-11-19,22.17,584056,22.05,22.18,21.53
2012-11-20,22.535,1128804,22.44,22.68,22.1701
2012-11-21,22.46,755553,22.5,22.81,22.3
2012-11-23,22.44,298908,22.45,22.5,22.11
2012-11-26,22.01,1391616,22.3,22.4,21.96
2012-11-27,22.1,1048725,22.25,22.2972,21.75
2012-11-28,22.08,1046538,22.41,22.68,21.82
2012-11-29,22.22,1212113,22.23,22.44,21.86
2012-11-30,21.82,1883669,22.24,22.45,21.0
2012-12-03,21.0,1382163,21.99,21.99,20.93
2012-12-04,20.62,1080047,20.9,21.08,20.5
2012-12-05,20.94,718159,20.7,21.07,20.34
2012-12-06,21.98,1070747,20.93,21.98,20.92
2012-12-07,22.96,2315760,21.94,23.5,21.9109
2012-12-10,23.0,1183235,22.85,23.09,22.64
2012-12-11,21.44,9717615,22.45,23.09,21.255
2012-12-12,21.36,1479149,21.64,21.8,21.22
2012-12-13,21.95,2019914,21.54,22.13,21.54
2012-12-14,21.37,3380445,22.05,22.05,21.2
2012-12-17,21.66,1324450,21.69,21.76,21.19
2012-12-18,21.58,1356050,21.8,21.94,21.5
2012-12-19,22.01,1811835,21.84,22.1,21.42
2012-12-20,22.32,2118270,22.0,22.43,21.66
2012-12-21,22.15,631671,22.06,22.1772,21.855
2012-12-24,22.01,210155,21.95,22.0777,21.85
2012-12-26,22.0,879266,22.02,22.34,21.95
2012-12-27,21.94,746638,21.98,22.01,21.72
2012-12-28,21.75,560001,21.75,21.95,21.61
2012-12-31,21.54,1244635,21.53,21.98,21.45
2013-01-02,22.995,1544346,21.98,23.02,21.901
2013-01-03,23.28,1335845,23.0,23.455,22.94
2013-01-04,23.24,782354,23.43,23.43,22.56
2013-01-07,23.26,1114456,23.0,23.45,22.72
2013-01-08,23.16,1008382,23.29,23.47,23.07
2013-01-09,23.36,1448304,23.05,23.535,23.0
2013-01-10,23.44,1441900,23.47,23.89,23.33
2013-01-11,23.12,2832109,23.28,23.56,22.97
2013-01-14,23.29,838433,23.16,23.47,23.06
2013-01-15,23.39,1823081,23.29,23.53,23.0
2013-01-16,22.96,2032470,23.28,23.28,22.39
2013-01-17,22.87,1497626,23.09,23.108,22.75
2013-01-18,22.86,929182,22.66,22.93,22.24
2013-01-22,22.71,633485,22.76,22.81,22.53
2013-01-23,22.75,954456,22.8,23.1,22.62
2013-01-24,23.2,3724114,22.87,23.345,22.87
2013-01-25,23.95,3926106,23.43,24.26,23.28
2013-01-28,24.0,2320378,23.97,24.64,23.75
2013-01-29,24.1,1337179,23.86,24.33,23.6
2013-01-30,23.51,2272253,24.0,24.7,23.46
2013-01-31,24.21,1626426,23.58,24.43,23.47
2013-02-01,24.7,2293886,24.48,24.99,24.22
2013-02-04,24.24,1164457,24.4,24.4,24.02
2013-02-05,23.93,1390785,24.23,24.23,23.56
2013-02-06,24.33,2101295,24.06,24.64,23.88
2013-02-07,24.5,2208260,24.8,25.0,24.2195
2013-02-08,24.71,961885,24.6,24.72,24.4
2013-02-11,24.93,2226402,24.75,25.16,24.57
2013-02-12,24.98,2852311,25.5,25.7,24.83
2013-02-13,25.02,1881700,25.17,25.56,24.8
2013-02-14,25.66,3078246,25.0,25.8,24.9
2013-02-15,25.59,3164355,25.91,25.97,24.98
2013-02-19,23.01,11121200,23.61,24.09,22.12
2013-02-20,23.76,10796390,23.17,24.5,23.01
2013-02-21,23.1,3096668,23.75,23.87,23.0232
2013-02-22,23.6,2351641,23.37,23.64,22.57
2013-02-25,24.08,2914090,23.61,24.25,23.59
2013-02-26,23.76,2819317,24.23,24.57,23.52
2013-02-27,23.94,1975297,23.79,24.32,23.71
2013-02-28,23.19,2139649,23.86,24.025,23.17
2013-03-01,23.25,1754524,23.49,23.71,22.97
2013-03-04,23.31,1509415,23.23,23.38,22.73
2013-03-05,24.3,1741647,23.65,24.33,23.5801
2013-03-06,24.24,944546,24.42,24.5,23.98
2013-03-07,24.42,810291,24.17,24.53,23.99
2013-03-08,24.92,1697779,24.58,25.03,24.3164
2013-03-11,25.03,1584900,24.84,25.3,24.5
2013-03-12,23.03,5035293,23.5,23.99,22.96
2013-03-13,24.08,14873670,23.59,24.29,23.49
2013-03-14,23.84,2597700,24.04,24.15,23.69
2013-03-15,23.565,2143468,23.83,23.98,23.27
2013-03-18,22.82,1921640,23.28,23.37,22.57
2013-03-19,22.53,3955474,22.83,22.83,21.135
2013-03-20,22.79,1702231,22.73,22.9299,22.55
2013-03-21,22.55,889012,22.61,22.85,22.44
2013-03-22,22.81,1720346,22.52,23.03,22.52
2013-03-25,22.89,2003760,22.98,23.45,22.69
2013-03-26,22.88,1498666,22.87,23.2607,22.6
2013-03-27,23.46,3698223,22.75,23.6,22.54
2013-03-28,23.14,1651732,23.36,23.39,22.85
2013-04-01,22.86,1148702,23.04,23.36,22.73
2013-04-02,23.34,1448240,23.16,23.59,22.98
2013-04-03,23.13,1518865,23.4,23.4075,22.96
2013-04-04,22.84,1549809,23.22,23.22,22.715
2013-04-05,22.77,1446293,22.54,22.86,22.5
2013-04-08,22.71,678216,22.83,23.0,22.661
2013-04-09,22.71,1502297,22.71,22.84,22.47
2013-04-10,22.85,2387748,22.78,22.97,22.57
2013-04-11,22.74,1958482,22.9,22.92,22.54
2013-04-12,22.531,1341793,22.64,22.8,22.46
2013-04-15,20.4,5727609,22.38,22.38,20.26
2013-04-16,20.96,5184330,20.69,21.05,20.26
2013-04-17,20.5,2623017,20.69,20.75,20.33
2013-04-18,20.59,1529393,20.5,20.76,20.4
2013-04-19,20.1,1970499,20.62,20.75,20.08
2013-04-22,20.07,3315257,20.24,20.4,19.93
2013-04-23,20.36,2009633,20.07,20.46,19.95
2013-04-24,21.45,3046727,20.51,21.59,20.51
2013-04-25,24.94,8290583,23.3,25.33,23.12
2013-04-26,25.08,3069701,24.5,25.3,24.48
2013-04-29,25.76,2173858,25.0,25.83,24.94
2013-04-30,25.74,1959473,25.39,25.92,25.385
2013-05-01,25.36,1734558,25.97,25.97,25.0724
2013-05-02,25.86,1841438,25.48,25.97,25.36
2013-05-03,25.85,2414898,25.99,26.12,25.84
2013-05-06,26.15,1414099,25.97,26.31,25.8
2013-05-07,26.9,3452219,26.0,27.1,25.9
2013-05-08,27.02,3064965,27.04,27.67,26.91
2013-05-09,26.94,1286285,27.14,27.325,26.51
2013-05-10,26.71,2040518,27.05,27.23,26.5
2013-05-13,26.4,2377958,26.61,26.72,26.05
2013-05-14,26.78,2344101,26.44,26.78,26.26
2013-05-15,27.22,2088386,26.72,27.28,26.71
2013-05-16,28.02,4519933,27.55,28.12,27.29
2013-05-17,29.01,3993761,27.9,29.12,27.77
2013-05-20,29.26,4158003,29.19,29.48,28.97
2013-05-21,28.85,2807222,29.27,29.36,28.46
2013-05-22,27.74,2514919,28.8,28.95,27.43
2013-05-23,27.22,2568968,27.01,27.5599,26.7
2013-05-24,27.04,1522545,26.99,27.155,26.75
2013-05-28,26.9,1085499,27.05,27.63,26.81
2013-05-29,26.93,2289853,26.62,27.0,26.21
2013-05-30,27.37,1885338,26.96,27.51,26.92
2013-05-31,27.16,1516114,27.22,27.57,26.955
2013-06-03,26.99,1524302,27.2,27.3,26.67
2013-06-04,26.49,1758277,27.06,27.38,26.3
2013-06-05,25.98,1927373,26.37,26.59,25.74
2013-06-06,26.19,1025329,25.79,26.29,25.72
2013-06-07,27.08,1779277,26.6,27.12,26.03
2013-06-10,26.67,1095862,26.96,27.083,26.55
2013-06-11,26.07,2528546,26.31,26.32,25.62
2013-06-12,26.01,1854451,26.52,26.94,25.835
2013-06-13,26.47,2643339,25.98,26.64,25.957
2013-06-14,26.52,1931211,26.49,26.68,26.05
2013-06-17,27.3,2658115,26.99,27.54,26.8
2013-06-18,27.64,1485450,27.5,27.95,27.43
2013-06-19,27.15,1193040,27.57,27.67,27.09
2013-06-20,25.98,4244356,26.95,26.95,25.55
2013-06-21,26.41,3326549,26.05,26.45,25.82
2013-06-24,26.0,2796474,25.89,26.22,25.38
2013-06-25,26.76,1678026,26.14,26.85,26.055
2013-06-26,27.42,2603835,27.13,27.65,27.1
2013-06-27,27.22,1340287,27.6,27.98,27.16
2013-06-28,27.65,2203155,27.27,27.8999,27.08
2013-07-01,28.06,3110912,28.0,28.64,27.81
2013-07-02,27.7,2087516,28.05,28.21,27.58
2013-07-03,27.49,957216,27.56,27.696,27.32
2013-07-05,27.55,939595,27.93,28.08,27.45
2013-07-08,28.0,1684006,27.78,28.01,27.49
2013-07-09,28.34,3358569,28.11,28.6,28.11
2013-07-10,29.49,5212912,28.47,29.78,28.4
2013-07-11,30.39,5242393,29.98,30.68,29.98
2013-07-12,30.75,2807056,30.6,31.11,30.39
2013-07-15,30.78,2110521,30.8,31.24,30.75
2013-07-16,29.56,3518969,30.79,30.83,29.16
2013-07-17,31.06,2243775,29.52,31.09,29.52
2013-07-18,30.86,2659645,31.03,31.03,30.66
2013-07-19,31.2,2370011,30.92,31.46,30.56
2013-07-22,31.46,2407725,31.3,31.57,31.16
2013-07-23,31.45,3267343,31.5,31.82,31.35
2013-07-24,30.86,4662053,31.35,31.59,29.97
2013-07-25,31.81,4415850,32.98,33.15,31.25
2013-07-26,33.42,3858727,31.6,33.66,31.35
2013-07-29,31.99,2477597,33.0,33.305,31.86
2013-07-30,32.48,3917124,32.05,32.67,30.39
2013-07-31,32.51,3150656,32.13,32.63,32.0
2013-08-01,33.72,4176574,33.1,34.27,32.8
2013-08-02,33.78,2444193,33.06,33.85,33.03
2013-08-05,33.5,1415235,33.58,33.81,33.4
2013-08-06,33.35,1492651,33.49,33.57,32.8
2013-08-07,32.76,1564588,32.87,32.94,31.92
2013-08-08,33.0,1332957,33.0,33.239,32.39
2013-08-09,33.04,1083249,32.86,33.28,32.68
2013-08-12,32.68,1316941,32.71,32.89,32.31
2013-08-13,33.2,1326169,32.61,33.56,32.33
2013-08-14,33.7,3401154,33.66,34.79,33.0
2013-08-15,33.0,1859789,33.27,33.73,32.82
2013-08-16,33.12,1265539,32.99,33.4,32.79
2013-08-19,32.38,3267874,32.9,33.08,31.77
2013-08-20,32.77,863371,32.4,32.98,32.3
2013-08-21,32.73,1018392,32.9,33.43,32.58
2013-08-22,33.3,993950,32.95,33.82,32.8
2013-08-23,33.44,823802,33.56,33.62,33.01
2013-08-26,33.24,1064719,33.6,33.76,33.15
2013-08-27,32.14,1807184,32.66,32.97,31.95
2013-08-28,32.41,1339845,32.03,32.62,31.82
2013-08-29,32.01,4330866,31.21,32.25,31.15
2013-08-30,32.0,1630550,32.25,32.71,31.86
2013-09-03,32.02,1743479,32.2,32.5,31.62
2013-09-04,32.98,2443571,32.16,33.51,31.79
2013-09-05,34.67,5097144,33.29,35.24,33.1
2013-09-06,34.24,3127626,35.1,35.1,33.63
2013-09-09,35.17,1989726,34.33,35.36,34.33
2013-09-10,35.0,2561629,35.4,35.88,34.85
2013-09-11,34.5,2240223,35.11,35.19,34.4
2013-09-12,34.4,1780811,34.44,34.64,33.69
2013-09-13,34.38,1564398,34.5,34.6,34.04
2013-09-16,34.91,4700855,34.86,35.1382,34.55
2013-09-17,35.19,1531728,34.86,35.5,34.61
2013-09-18,36.22,1644663,35.17,36.45,35.11
2013-09-19,37.93,3490310,36.67,37.97,36.4
2013-09-20,36.59,3059693,38.05,38.1,36.01
2013-09-23,36.69,3442778,36.65,36.82,36.12
2013-09-24,37.48,2819669,36.94,37.5,36.71
2013-09-25,36.87,2881720,37.25,37.26,36.74
2013-09-26,37.36,1844438,37.32,37.63,37.01
2013-09-27,36.8,1768942,37.14,37.33,36.505
2013-09-30,36.42,2155676,36.22,36.5,35.63
2013-10-01,37.84,1657420,36.33,37.84,36.0001
2013-10-02,37.75,1327340,37.43,38.0,37.26
2013-10-03,38.38,3330973,38.01,39.44,37.78
2013-10-04,38.35,1988024,38.38,38.75,37.97
2013-10-07,37.44,1701848,37.93,38.14,37.3039
2013-10-08,35.54,4596058,38.03,38.1,34.31
2013-10-09,36.16,3990078,35.1,36.88,34.6701
2013-10-10,38.53,3633866,36.89,38.55,36.85
2013-10-11,38.33,5703343,38.72,38.94,37.48
2013-10-14,38.36,2171469,38.13,38.97,37.9
2013-10-15,38.59,1645463,38.49,38.92,38.24
2013-10-16,39.31,2633837,38.61,39.7,38.6
2013-10-17,39.22,2553691,39.29,39.65,38.63
2013-10-18,40.805,3334365,39.81,41.32,39.81
2013-10-21,41.04,2911762,41.67,41.96,40.56
2013-10-22,40.67,4404073,41.67,42.0,40.35
2013-10-23,41.0,2679158,40.6,41.2,39.91
2013-10-24,40.79,4935611,40.02,40.88,37.3
2013-10-25,38.19,3575466,40.83,40.84,37.64
2013-10-28,38.16,2729557,38.18,39.2,37.98
2013-10-29,37.79,4280487,38.5,38.5,37.0
2013-10-30,37.31,1828716,38.12,38.61,37.1
2013-10-31,36.86,3464042,37.33,37.45,35.96
2013-11-01,38.03,2699603,37.17,38.24,36.91
2013-11-04,37.71,1416000,38.25,38.65,37.5
2013-11-05,37.52,1378233,37.56,37.85,37.101
2013-11-06,38.27,1982978,37.83,38.37,37.6
2013-11-07,36.09,3302634,38.37,38.575,35.99
2013-11-08,36.35,2323547,36.12,36.575,35.59
2013-11-11,36.8,1060517,36.18,36.92,35.8
2013-11-12,36.31,1243795,36.83,37.05,35.91
2013-11-13,37.09,1425200,36.35,37.13,35.99
2013-11-14,38.64,2808686,37.1,38.67,36.7
2013-11-15,38.53,1731475,39.07,39.2492,38.06
2013-11-18,38.78,2621673,38.97,39.85,38.53
2013-11-19,36.97,2065633,38.82,38.95,36.9
2013-11-20,36.15,2878370,37.0,37.82,35.78
2013-11-21,38.0,2593966,36.42,38.16,36.06
2013-11-22,38.47,1711823,38.29,38.85,38.2173
2013-11-25,38.73,1599670,38.59,38.92,38.29
2013-11-26,39.89,2264193,38.57,40.36,38.51
2013-11-27,39.61,1249600,39.98,40.0156,39.37
2013-11-29,39.75,944393,39.22,40.47,39.15
2013-12-02,40.07,2441375,39.95,40.42,39.2
2013-12-03,39.85,4879220,39.59,41.56,38.75
2013-12-04,40.095,2062176,39.26,40.3,39.26
2013-12-05,40.97,2372162,39.7,41.3,39.25
2013-12-06,39.94,2558736,41.14,41.8,39.83
2013-12-09,39.84,2008755,39.91,40.57,39.28
2013-12-10,39.92,2097917,39.65,40.49,39.5
2013-12-11,37.42,6167677,39.97,39.97,36.96
2013-12-12,38.16,6561816,37.49,39.04,37.45
2013-12-13,38.21,2743478,38.57,39.06,37.98
2013-12-16,38.33,2099696,38.42,38.97,38.0043
2013-12-17,38.39,1689866,38.79,38.89,38.2701
2013-12-18,39.33,2125842,38.79,39.47,38.1147
2013-12-19,39.68,1693928,39.33,40.05,39.0
2013-12-20,40.29,2402875,39.85,40.4,39.33
2013-12-23,41.85,3946454,40.68,42.94,40.5
2013-12-24,41.88,1027789,42.35,42.5,41.32
2013-12-26,42.94,2082464,42.26,43.65,42.1
2013-12-27,42.58,1666884,43.13,43.41,42.44
2013-12-30,42.17,1812244,42.58,43.26,41.96
2013-12-31,43.15,1435643,42.42,43.17,42.17
2014-01-02,42.63,1724045,43.31,43.34,42.36
2014-01-03,42.9,1130415,42.99,43.34,42.6301
2014-01-06,42.91,1809898,42.89,43.19,42.61
2014-01-07,43.53,2821311,43.17,43.94,42.06
2014-01-08,42.25,3146329,43.77,44.24,42.22
2014-01-09,44.22,5685656,43.43,45.42,43.166
2014-01-10,44.0,3011739,44.05,44.44,43.06
2014-01-13,42.65,1966728,44.17,44.91,42.4
2014-01-14,43.78,1923671,43.07,43.96,42.57
2014-01-15,43.36,2706991,44.2,44.25,42.67
2014-01-16,43.76,1140460,43.05,43.95,43.05
2014-01-17,43.02,1581467,43.78,44.24,42.87
2014-01-21,43.66,1859448,43.55,43.8,42.58
2014-01-22,42.69,2269150,44.0,44.0,42.52
2014-01-23,40.87,4096889,42.53,43.14,40.1
2014-01-24,38.02,6491436,39.53,40.15,37.56
2014-01-27,37.22,7019690,38.01,38.43,35.571
2014-01-28,37.68,3373645,37.89,37.98,36.76
2014-01-29,35.34,6133212,37.01,37.01,35.09
2014-01-30,36.94,5250004,36.4,37.5,36.11
2014-01-31,36.75,2716179,36.02,37.1,35.77
2014-02-03,35.01,3746925,36.55,36.99,35.0
2014-02-04,36.28,3202774,35.52,36.435,35.195
2014-02-05,36.67,4118906,36.05,37.43,35.98
2014-02-06,38.64,4478128,36.81,38.9,36.71
2014-02-07,39.26,2657983,39.05,39.495,38.42
2014-02-10,39.45,2642229,39.5,39.63,39.16
2014-02-11,40.17,2884683,39.62,40.26,39.51
2014-02-12,40.39,2624875,40.32,40.97,40.05
2014-02-13,40.29,2377575,39.94,40.54,39.36
2014-02-14,40.29,2102659,40.27,40.47,39.9
2014-02-18,41.21,3007930,40.69,41.35,39.79
2014-02-19,39.83,4308923,40.67,40.874,39.53
2014-02-20,37.29,9904679,37.66,38.972,36.0
2014-02-21,36.66,2696783,37.61,37.61,36.616
2014-02-24,36.47,2932462,36.5,36.77,35.77
2014-02-25,36.2,2602498,35.95,36.85,35.86
2014-02-26,37.76,4956176,37.52,38.7,37.02
2014-02-27,37.68,2085863,37.54,37.7299,37.1726
2014-02-28,37.5,2887563,37.91,38.55,37.125
2014-03-03,32.23,21839800,33.75,34.4676,31.55
2014-03-04,34.31,15075440,35.07,35.3,33.85
2014-03-05,34.31,3662989,34.8,34.9,33.7
2014-03-06,34.29,5342012,34.2,35.28,33.861
2014-03-07,33.18,4243019,34.81,34.88,33.01
2014-03-10,33.38,3983178,33.22,33.85,33.05
2014-03-11,32.49,5513906,33.35,33.45,32.06
2014-03-12,31.84,8045747,32.16,32.16,30.84
2014-03-13,29.16,15155750,31.6,31.6,28.65
2014-03-14,30.39,11351430,29.17,30.83,29.16
2014-03-17,30.01,6909041,31.17,31.3,29.64
2014-03-18,32.03,10040870,31.355,32.83,31.12
2014-03-19,31.42,3906754,32.23,32.2994,31.29
2014-03-20,30.38,5917199,31.83,31.83,30.26
2014-03-21,30.01,11271940,30.5,30.5,29.7001
2014-03-24,29.16,11310170,30.25,30.37,28.88
2014-03-25,29.67,9405403,29.32,30.13,28.99
2014-03-26,29.44,9910642,30.49,30.73,29.27
2014-03-27,28.75,7185329,29.32,29.9,28.4
2014-03-28,29.47,9591878,29.22,29.6899,28.69
2014-03-31,30.19,7541773,30.24,31.08,29.85
2014-04-01,31.49,8906308,30.88,31.78,30.8
2014-04-02,31.19,3931708,31.5,31.87,30.91
2014-04-03,30.46,5063484,31.11,31.69,30.06
2014-04-04,29.96,6535844,30.98,31.0,29.85
2014-04-07,28.5,7337655,29.14,29.53,28.21
2014-04-08,29.02,6582486,28.74,30.0,28.36
2014-04-09,29.54,8002611,29.35,29.58,28.54
2014-04-10,28.38,7255435,30.11,30.18,28.28
2014-04-11,28.01,5114110,28.09,28.36,27.26
2014-04-14,27.51,6401085,28.0,28.12,27.2
2014-04-15,27.375,8710497,27.61,27.81,26.47
2014-04-16,28.09,4476061,27.6,28.4,27.5
2014-04-17,29.95,10451160,27.85,30.45,27.75
2014-04-21,29.37,2873898,29.77,29.77,28.98
2014-04-22,29.06,6988939,29.27,29.89,28.97
2014-04-23,28.26,5592669,29.23,29.2568,27.75
2014-04-24,26.685,9447088,28.0,28.0,26.29
2014-04-25,24.0,28161680,25.7,25.7,21.7
2014-04-28,24.01,6925392,24.16,24.49,23.11
2014-04-29,25.59,10318370,24.4,26.09,24.35
2014-04-30,26.49,7233008,25.81,27.0,25.28
2014-05-01,26.54,4633358,26.73,27.0,26.185
2014-05-02,26.53,3437824,26.48,27.065,26.32
2014-05-05,26.84,3455305,26.34,27.08,26.02
2014-05-06,27.01,4539041,27.08,27.4,26.81
2014-05-07,27.27,6093930,27.25,27.97,26.835
2014-05-08,27.84,7098035,27.37,28.88,27.37
2014-05-09,28.3,5211849,27.85,28.76,27.76
2014-05-12,29.28,6403083,28.77,29.65,28.32
2014-05-13,29.54,4022762,29.04,29.72,28.77
2014-05-14,29.95,4516819,29.96,30.25,29.35
2014-05-15,29.84,4209023,30.19,30.2,29.18
2014-05-16,30.03,3061926,29.75,30.16,29.3
2014-05-19,30.56,2914197,30.08,30.66,29.83
2014-05-20,30.85,3177217,30.64,31.2,30.49
2014-05-21,31.6,3519641,30.85,31.61,30.7
2014-05-22,32.1,4557433,31.62,32.24,31.5
2014-05-23,32.21,6143155,31.0,32.305,30.88
2014-05-27,32.73,4629751,31.85,32.75,31.67
2014-05-28,31.9,3341286,32.81,32.81,31.64
2014-05-29,31.91,3329223,32.18,32.25,31.41
2014-05-30,31.14,3688242,31.84,31.9,30.76
2014-06-02,31.67,3115214,31.2,31.77,30.53
2014-06-03,32.4,3045323,31.96,32.8,31.94
2014-06-04,32.98,3313332,33.0,33.18,32.29
2014-06-05,33.15,2594147,32.99,33.42,32.69
2014-06-06,33.72,2943206,33.25,34.0,33.16
2014-06-09,34.0,2038191,34.35,34.35,33.5301
2014-06-10,33.95,3051941,34.0,34.3,33.6
2014-06-11,34.16,2117644,33.82,34.37,33.75
2014-06-12,34.1,2427772,34.24,34.72,33.83
2014-06-13,33.73,2738629,33.93,34.19,33.31
2014-06-16,33.95,2457219,33.41,33.97,33.0
2014-06-17,34.09,2027334,33.75,34.17,33.5
2014-06-18,34.115,2324814,34.21,34.23,33.37
2014-06-19,33.79,2303104,34.07,34.2,33.62
2014-06-20,35.56,6801947,33.95,35.67,33.75
2014-06-23,35.6,2891467,35.02,35.6,34.39
2014-06-24,34.61,5882572,35.37,35.7,34.43
2014-06-25,34.9,3462325,34.26,35.08,33.96
2014-06-26,35.03,2815246,34.95,35.36,34.82
2014-06-27,35.16,2304145,35.07,35.56,34.96
2014-06-30,35.64,2513490,35.1,35.9,35.01
2014-07-01,35.01,2606008,35.65,35.85,34.99
2014-07-02,34.64,2917603,35.3,35.65,34.33
2014-07-03,34.56,1626210,34.94,35.15,34.5
2014-07-07,33.38,3174465,34.5,34.5,33.31
2014-07-08,31.26,9206717,33.11,33.45,30.68
2014-07-09,32.15,2824584,31.34,32.15,31.34
2014-07-10,31.69,2357467,31.29,32.05,31.0
2014-07-11,32.11,1286633,31.66,32.25,31.66
2014-07-14,32.49,1310904,32.22,32.8295,32.21
2014-07-15,32.12,1468866,32.46,32.6,32.005
2014-07-16,31.85,1853385,32.17,32.35,31.7
2014-07-17,30.03,6468283,31.14,31.25,29.43
2014-07-18,30.74,3504656,30.02,31.09,30.02
2014-07-21,29.64,3912771,30.42,30.45,29.46
2014-07-22,30.2,3142398,30.0,30.33,29.8
2014-07-23,30.76,1712403,30.25,30.905,29.9
2014-07-24,31.19,2047347,30.76,31.349,30.464
2014-07-25,30.53,2250774,30.69,30.83,30.37
2014-07-28,30.16,3181149,29.86,30.4,29.515
2014-07-29,30.44,4865628,31.9,32.19,30.38
2014-07-30,31.25,2032390,31.07,32.15,30.9582
2014-07-31,30.28,2390382,30.71,30.93,30.015
2014-08-01,30.28,3607112,30.14,30.48,29.31
2014-08-04,30.52,2266758,30.28,30.7,29.98
2014-08-05,29.57,2532897,30.28,30.4992,29.43
2014-08-06,28.88,3517685,29.0,29.5,28.66
2014-08-07,28.44,3218007,28.88,29.1,28.28
2014-08-08,29.0,4240638,28.7,29.71,28.38
2014-08-11,29.01,3157791,29.51,29.86,28.63
2014-08-12,28.85,2306997,29.5,29.5,28.315
2014-08-13,29.03,2187119,29.08,29.7,28.75
2014-08-14,29.03,2756725,29.24,29.66,28.94
2014-08-15,28.41,4218745,29.24,29.4,28.06
2014-08-18,29.04,2371359,28.81,29.17,28.38
2014-08-19,30.72,4600509,29.07,30.95,29.0672
2014-08-20,30.165,1995932,30.4,30.81,30.05
2014-08-21,29.81,2078997,29.91,30.445,29.66
2014-08-22,29.08,2764918,29.51,29.59,28.721
2014-08-25,29.43,1496667,29.28,29.525,28.86
2014-08-26,29.29,1211713,29.68,29.73,29.1405
2014-08-27,29.02,1297398,29.29,29.43,28.975
2014-08-28,28.34,1856175,28.47,28.755,28.11
2014-08-29,28.43,2110441,28.15,28.71,28.1
2014-09-02,29.06,2881739,28.36,29.22,28.34
2014-09-03,30.66,5018443,30.43,30.8899,29.999
2014-09-04,29.93,2065702,30.51,30.75,29.8
2014-09-05,31.6,5368630,30.6,31.87,30.6
2014-09-08,31.49,2927152,31.37,32.05,31.1401
2014-09-09,31.01,2731460,31.47,31.47,30.875
2014-09-10,30.8,1922199,30.53,31.29,30.53
2014-09-11,30.44,1832561,30.84,31.36,30.25
2014-09-12,31.56,4091326,30.43,31.61,30.43
2014-09-15,29.9,2727129,31.46,31.59,29.67
2014-09-16,31.05,3973136,30.23,31.12,30.02
2014-09-17,30.02,2995290,30.77,31.19,29.9
2014-09-18,29.74,2412878,30.26,31.0,29.72
2014-09-19,29.42,2613497,29.87,29.95,29.22
2014-09-22,28.74,1950833,29.4,29.5,28.38
2014-09-23,28.9,2048501,28.63,29.29,28.53
2014-09-24,29.97,2922519,29.05,29.99,29.01
2014-09-25,29.4,3071832,30.06,30.29,29.4
2014-09-26,29.67,1459356,29.23,29.86,29.22
2014-09-29,28.22,3979015,28.93,29.24,28.01
2014-09-30,27.795,3816002,28.15,28.64,27.765
2014-10-01,26.45,5231333,27.74,27.86,26.33
2014-10-02,26.98,3884345,26.6,27.02,25.79
2014-10-03,27.05,1526483,27.19,27.2,26.75
2014-10-06,27.01,2024104,27.34,27.8,26.98
2014-10-07,26.17,2401711,26.65,26.95,26.13
2014-10-08,26.18,2198492,26.25,26.36,25.5
2014-10-09,25.56,2528817,26.18,26.33,25.51
2014-10-10,24.44,3369756,25.29,25.48,24.4
2014-10-13,25.08,3931739,24.72,25.73,24.35
2014-10-14,25.32,1929114,25.3,26.19,25.225
2014-10-15,25.44,3203066,25.03,25.5101,24.26
2014-10-16,25.79,1902734,24.85,25.9299,24.58
2014-10-17,26.31,2531156,26.31,27.03,26.25
2014-10-20,26.41,1519281,26.09,26.59,25.76
2014-10-21,27.42,2657968,26.58,27.47,26.57
2014-10-22,26.14,2457536,27.31,27.35,26.11
2014-10-23,27.6,4674483,27.96,28.4,27.31
2014-10-24,27.78,2954214,27.44,28.0,27.07
2014-10-27,27.44,1181700,27.6,27.6,26.71
2014-10-28,28.58,1910913,27.55,28.705,27.52
2014-10-29,28.37,3519951,28.49,28.805,28.09
2014-10-30,28.02,2526875,28.36,28.55,27.91
2014-10-31,28.62,4122057,28.35,28.87,27.97
2014-11-03,27.81,1802962,28.62,28.69,27.75
2014-11-04,27.77,1640485,27.61,27.785,27.02
2014-11-05,27.2,2230986,27.9,28.04,27.05
2014-11-06,26.46,2576724,27.21,27.3,26.17
2014-11-07,26.55,1972382,26.39,26.72,26.1
2014-11-10,26.79,1723867,26.83,27.08,26.46
2014-11-11,26.39,1082465,26.52,26.53,26.065
2014-11-12,26.615,1487144,26.5,26.9,26.34
2014-11-13,25.98,2322337,26.48,27.08,25.95
2014-11-14,26.45,1249475,25.92,26.51,25.7006
2014-11-17,26.12,974557,26.28,26.4,25.791
2014-11-18,25.86,1213289,26.09,26.29,25.82
2014-11-19,25.72,1571035,25.77,26.07,25.52
2014-11-20,26.15,1719816,25.68,26.21,25.68
2014-11-21,26.67,1736924,26.47,26.99,26.3
2014-11-24,26.47,1687235,26.84,26.9,26.14
2014-11-25,26.04,1623811,26.35,26.6,25.92
2014-11-26,26.11,1206722,25.94,26.36,25.9
2014-11-28,24.92,2112496,25.84,25.96,24.68
2014-12-01,23.98,3678539,24.6,24.6,23.14
2014-12-02,23.74,3156555,23.75,24.02,23.61
2014-12-03,23.58,2434560,23.66,24.0,23.47
2014-12-04,22.29,3813115,23.28,23.37,22.18
2014-12-05,21.91,4299478,22.43,22.45,21.3
2014-12-08,19.43,6269919,21.03,21.16,19.35
2014-12-09,20.11,3584392,19.23,20.25,19.0
2014-12-10,19.135,2688989,20.1,20.13,19.08
2014-12-11,18.96,3505258,19.02,19.68,18.91
2014-12-12,19.305,4515596,18.72,20.05,18.7
2014-12-15,17.68,5446912,18.97,18.97,17.36
2014-12-16,16.82,12352140,16.18,17.68,15.025
2014-12-17,17.3,4553525,17.36,18.08,17.25
2014-12-18,18.09,5462262,18.6,18.79,17.4
2014-12-19,18.0,3646027,18.19,18.28,17.89
2014-12-22,18.0,2590952,18.55,18.8,17.61
2014-12-23,17.98,3866198,18.06,18.42,17.84
2014-12-24,17.66,1158111,18.25,18.3,17.45
2014-12-26,18.16,1455319,17.94,18.26,17.75
2014-12-29,18.07,2836425,17.88,18.5,17.8
2014-12-30,18.4,2019365,18.21,18.54,18.0
2014-12-31,17.96,1576256,18.25,18.25,17.85
2015-01-02,18.37,2384521,18.02,18.44,17.7799
2015-01-05,17.405,2430267,18.39,18.43,17.29
2015-01-06,17.53,1890893,17.37,17.87,17.18
2015-01-07,17.37,1458685,17.79,17.8699,17.33
2015-01-08,18.42,3764186,17.68,18.93,17.68
2015-01-09,18.24,1973995,18.02,18.46,17.805
2015-01-12,17.66,2477022,17.94,18.03,17.31
2015-01-13,17.685,2167863,17.26,17.83,17.2
2015-01-14,18.4,2533838,17.3,18.43,17.2822
2015-01-15,17.72,2559379,18.55,18.64,17.66
2015-01-16,17.97,1784143,17.65,18.06,17.61
2015-01-20,16.405,4744258,17.24,17.39,16.3
2015-01-21,16.51,2800865,16.41,17.09,16.41
2015-01-22,17.46,2631996,16.95,17.53,16.8501
2015-01-23,17.19,1473286,17.57,17.57,17.06
2015-01-26,16.25,3121640,16.97,17.14,16.1
2015-01-27,16.21,2672971,16.37,16.4899,16.15
2015-01-28,15.41,3372104,16.12,16.25,15.36
2015-01-29,15.44,2389083,15.66,15.68,15.02
2015-01-30,14.89,2943754,15.0,15.17,14.76
2015-02-02,14.91,5999406,14.95,15.04,14.14
2015-02-03,15.63,5813851,15.3,15.63,14.87
2015-02-04,15.42,3322876,15.39,15.81,15.19
2015-02-05,16.24,5026566,15.61,16.63,15.61
2015-02-06,16.12,2095025,16.66,16.66,16.01
2015-02-09,15.87,3133070,16.36,16.53,15.87
2015-02-10,15.73,2663379,16.05,16.15,15.53
2015-02-11,16.0,5330819,15.84,16.14,15.2375
2015-02-12,16.41,3723264,16.96,17.05,16.25
2015-02-13,17.0,4222591,16.89,17.64,16.82
2015-02-17,16.65,4663961,17.18,17.4,16.139
2015-02-18,16.85,9467230,17.99,18.25,16.76
2015-02-19,16.87,2942935,16.81,17.32,16.34
2015-02-20,17.01,2112129,16.85,17.07,16.6603
2015-02-23,16.25,4755811,16.78,16.89,16.03
2015-02-24,16.35,2207257,16.36,16.45,16.26
2015-02-25,16.37,2181253,16.45,16.51,16.199
2015-02-26,16.54,3551241,16.59,16.71,16.42
2015-02-27,16.45,2230662,16.5,16.5899,16.06
2015-03-02,16.02,2517204,16.3,16.3,15.76
2015-03-03,15.95,2298771,16.06,16.27,15.9
2015-03-04,15.76,3464301,15.94,16.08,15.655
2015-03-05,15.48,2914059,15.88,15.99,15.4
2015-03-06,15.13,4034987,15.43,15.68,15.115
2015-03-09,14.68,2890674,15.1,15.32,14.61
2015-03-10,14.12,4383594,14.47,14.55,13.95
2015-03-11,14.495,3532689,14.3,14.51,13.9
2015-03-12,14.53,1998256,14.53,14.66,14.4
2015-03-13,14.68,3125493,14.4,14.8,14.12
2015-03-16,14.21,2407606,14.5,14.51,13.96
2015-03-17,14.49,1648350,14.1,14.51,14.05
2015-03-18,14.485,5351084,14.53,14.6299,14.16
2015-03-19,14.46,2964741,14.33,14.57,14.18
2015-03-20,14.63,3462297,14.58,14.96,14.39
2015-03-23,14.74,3098410,14.8,15.16,14.6
2015-03-24,15.27,3679679,15.01,15.32,14.71
2015-03-25,15.27,4945543,15.34,15.5,15.145
2015-03-26,15.19,3883395,15.39,15.63,14.94
2015-03-27,15.45,2837886,15.14,15.48,15.09
2015-03-30,15.3,1969701,15.5,15.64,15.1275
2015-03-31,15.165,1693024,15.25,15.41,15.05
2015-04-01,15.77,3036868,15.27,15.78,15.17
2015-04-02,16.24,7212135,15.91,16.68,15.66
2015-04-06,17.18,4892149,16.48,17.38,16.31
2015-04-07,17.025,2517285,17.25,17.4099,16.92
2015-04-08,17.48,3215389,17.2,17.83,17.08
2015-04-09,17.99,7253772,17.605,18.16,17.56
2015-04-10,17.84,4761834,17.97,18.17,17.62
2015-04-13,17.835,5019692,18.2,18.22,17.78
2015-04-14,17.905,3103407,17.92,17.98,17.53
2015-04-15,20.4,10166910,18.0,20.49,17.97
2015-04-16,20.9,7497973,19.98,20.98,19.61
2015-04-17,20.59,6069049,20.02,20.61,19.76
2015-04-20,20.54,4156927,20.19,20.58,19.7
2015-04-21,20.44,2782685,20.34,20.53,20.2
2015-04-22,20.7,2307214,20.32,20.79,20.2
2015-04-23,20.75,4280058,20.8,21.36,20.65
2015-04-24,20.67,2825636,20.86,20.99,20.5
2015-04-27,20.27,3921504,20.65,20.8627,20.19
2015-04-28,19.2,7501514,18.6,19.76,18.07
2015-04-29,19.675,2304753,19.19,19.74,18.8
2015-04-30,19.24,2843011,19.45,19.66,19.21
2015-05-01,19.57,1438957,19.41,19.58,19.07
2015-05-04,19.19,986979,19.62,19.67,19.19
2015-05-05,19.415,2699546,19.61,19.75,19.25
2015-05-06,19.6,2570963,19.9,20.12,19.59
2015-05-07,19.15,2502478,19.53,19.66,19.03
2015-05-08,19.64,2093189,19.18,19.69,19.1601
2015-05-11,19.31,1073007,19.69,19.93,19.26
2015-05-12,19.2,1352902,19.31,19.455,19.13
2015-05-13,19.43,2001317,19.49,19.6,19.08
2015-05-14,19.49,1229241,19.17,19.58,19.17
2015-05-15,19.01,2231795,19.38,19.41,18.905
2015-05-18,19.35,1939382,19.0,19.41,18.85
2015-05-19,18.75,2091681,19.08,19.26,18.73
2015-05-20,18.59,1946594,18.65,18.74,18.5
2015-05-21,18.61,1822872,18.56,18.84,18.55
2015-05-22,18.5,1771929,18.62,18.768,18.43
2015-05-26,18.17,2466966,18.44,18.5,18.0
2015-05-27,17.93,1918546,17.98,18.07,17.55
2015-05-28,18.33,1543114,17.79,18.36,17.79
2015-05-29,18.03,2066441,18.48,18.7,18.0
2015-06-01,18.07,1419028,18.13,18.21,17.81
2015-06-02,18.925,2562977,18.03,19.11,18.01
2015-06-03,18.17,2973838,18.46,18.47,18.05
2015-06-04,17.57,2330344,18.02,18.06,17.405
2015-06-05,17.56,1944876,17.4,17.635,17.14
2015-06-08,17.24,1196746,17.55,17.73,17.17
2015-06-09,17.36,1901763,17.27,17.7,16.98
2015-06-10,17.4,1957295,17.56,18.0,17.38
2015-06-11,17.44,1029524,17.3,17.48,17.26
2015-06-12,17.625,1650334,17.4,17.65,17.36
2015-06-15,17.25,1241774,17.48,17.55,17.15
2015-06-16,17.19,1709072,17.22,17.48,17.07
2015-06-17,17.14,1885992,17.23,17.39,17.0
2015-06-18,16.93,2709339,17.26,17.27,16.79
2015-06-19,16.77,1705792,16.85,16.92,16.66
2015-06-22,16.26,4383074,16.85,16.92,16.13
2015-06-23,15.93,4540289,16.27,16.27,15.86
2015-06-24,15.95,2698718,15.95,16.05,15.82
2015-06-25,15.9,2731232,15.97,16.0199,15.73
2015-06-26,15.81,5055863,15.88,15.88,15.375
2015-06-29,14.84,4167479,15.39,15.45,14.79
2015-06-30,15.22,3679734,15.13,15.61,14.97
2015-07-01,15.03,2469050,15.25,15.58,15.0
2015-07-02,15.38,1661367,15.09,15.44,15.08
2015-07-06,14.91,2550204,15.14,15.33,14.82
2015-07-07,14.93,4594363,14.78,15.01,13.9
2015-07-08,14.47,1839853,14.58,14.86,14.45
2015-07-09,14.81,2765277,14.85,15.15,14.75
2015-07-10,14.85,1435877,15.15,15.25,14.75
2015-07-13,15.33,3072434,14.99,15.49,14.74
2015-07-14,15.47,1574547,15.23,15.7,15.23
2015-07-15,15.19,2711984,15.54,15.56,15.02
2015-07-16,15.45,1097313,15.36,15.56,15.27
2015-07-17,15.775,1739714,15.59,15.81,15.59
2015-07-20,15.48,1877079,15.68,15.9,15.43
2015-07-21,15.49,1912856,15.49,15.715,15.32
2015-07-22,15.15,1164136,15.37,15.37,15.04
2015-07-23,15.26,1990348,15.14,15.315,15.0
2015-07-24,14.84,2248789,15.19,15.19,14.61
2015-07-27,14.53,2900585,14.53,14.73,14.38
2015-07-28,14.89,1878977,14.66,14.97,14.35
2015-07-29,15.41,2731589,15.0,15.5,14.99
2015-07-30,14.38,4078911,15.46,15.61,14.37
2015-07-31,13.91,4683244,14.3,14.5,13.86
2015-08-03,13.65,3525496,13.7,13.93,13.43
2015-08-04,13.76,2320028,13.76,14.03,13.65
2015-08-05,13.75,3078042,13.93,14.06,13.715
2015-08-06,13.31,3251629,13.62,13.68,13.08
2015-08-07,13.33,2047211,13.31,13.49,13.26
2015-08-10,13.65,1315006,13.36,13.735,13.28
2015-08-11,13.21,1819055,13.48,13.52,13.1101
2015-08-12,13.06,2146508,13.11,13.16,12.795
2015-08-13,12.77,1579805,13.11,13.11,12.7
2015-08-14,12.82,1499374,13.04,13.09,12.7
2015-08-17,12.49,2843644,12.91,12.97,12.42
2015-08-18,12.46,2113231,12.57,12.57,12.32
2015-08-19,11.91,3067399,12.41,12.43,11.845
2015-08-20,11.46,3422591,11.83,11.94,11.43
2015-08-21,11.01,3770003,11.23,11.52,10.98
2015-08-24,10.18,5249834,10.36,10.8,9.9401
2015-08-25,10.565,4957891,11.0,11.16,10.52
2015-08-26,10.84,3770499,10.97,10.97,10.55
2015-08-27,12.08,6409836,11.29,12.14,11.115
2015-08-28,12.35,3189001,11.7,12.36,11.67
2015-08-31,12.2,6608440,11.99,12.37,11.78
2015-09-01,11.71,5901117,11.88,12.04,11.65
2015-09-02,11.73,4172621,11.89,11.89,11.41
2015-09-03,11.74,5032492,11.8,11.93,11.67
2015-09-04,11.5,4298129,11.59,11.76,11.495
2015-09-08,11.51,3801867,11.53,11.7,11.42
2015-09-09,11.33,3844133,11.53,11.79,11.27
2015-09-10,11.45,2740672,11.43,11.57,11.26
2015-09-11,11.27,5306702,11.23,11.37,11.05
2015-09-14,12.05,12098620,11.24,12.771,10.93
2015-09-15,12.24,3714441,12.02,12.49,11.915
2015-09-16,13.32,4820135,12.6,13.44,12.57
2015-09-17,13.1,3619397,13.13,13.38,12.94
2015-09-18,12.49,3859462,12.85,12.98,12.36
2015-09-21,12.2,2300514,12.65,12.67,12.12
2015-09-22,11.57,2265665,11.92,12.0,11.48
2015-09-23,11.16,2560460,11.72,11.81,11.12
2015-09-24,10.85,4385159,11.14,11.14,10.6
2015-09-25,10.69,3293095,11.05,11.14,10.57
2015-09-28,10.3,2547122,10.6,10.75,10.3
2015-09-29,10.77,3791559,10.58,10.88,10.52
2015-09-30,10.73,2512936,10.97,11.01,10.6
2015-10-01,10.73,2536610,10.79,11.024,10.565
2015-10-02,11.34,3543078,10.51,11.37,10.505
2015-10-05,12.24,6752068,11.54,12.76,11.52
2015-10-06,11.98,4553705,12.13,12.41,11.78
2015-10-07,11.83,7415221,12.26,12.66,11.61
2015-10-08,12.0,3496771,11.9,12.115,11.69
2015-10-09,12.37,4589330,12.36,12.56,12.27
2015-10-12,12.19,3243818,12.52,12.52,11.91
2015-10-13,12.755,3996224,12.31,13.105,12.14
2015-10-14,13.33,5313505,12.75,13.44,12.52
2015-10-15,13.6,4745686,13.28,13.8,13.04
2015-10-16,13.6,3486710,13.51,13.61,13.01
2015-10-19,13.53,2187354,13.24,13.77,13.18
2015-10-20,13.35,2075021,13.6,13.73,13.16
2015-10-21,13.035,1999972,13.18,13.27,12.71
2015-10-22,12.86,2507765,13.23,13.46,12.69
2015-10-23,13.22,4266867,13.09,13.33,12.81
2015-10-26,14.05,6300670,13.2,14.12,13.13
2015-10-27,14.99,14167050,14.09,15.145,13.264
2015-10-28,15.71,7560475,14.89,15.9,14.85
2015-10-29,15.62,6601022,15.51,15.93,15.43
2015-10-30,16.1,5821381,15.71,16.24,15.61
2015-11-02,16.39,4073920,15.94,16.41,15.88
2015-11-03,16.365,3068566,16.45,16.53,16.11
2015-11-04,16.0,3504627,16.51,16.61,15.85
2015-11-05,15.74,3436203,15.79,15.98,15.38
2015-11-06,15.83,3116419,15.55,15.92,14.99
2015-11-09,16.07,2451836,15.69,16.11,15.52
2015-11-10,15.92,2068076,15.97,16.05,15.71
2015-11-11,15.93,2766211,16.0,16.21,15.845
2015-11-12,15.23,3079553,15.65,15.7,15.17
2015-11-13,15.17,2643766,15.19,15.4,14.8
2015-11-16,15.335,3032916,15.24,15.42,15.03
2015-11-17,16.27,6052765,15.89,16.51,15.8
2015-11-18,17.16,6338530,16.26,17.435,16.22
2015-11-19,17.065,4075447,16.75,17.2,16.6764
2015-11-20,17.51,3341270,17.08,17.51,17.0
2015-11-23,17.05,3247814,17.5,17.51,17.03
2015-11-24,17.09,3889347,16.49,17.25,16.11
2015-11-25,17.02,2063323,17.32,17.33,16.94
2015-11-27,16.57,2278270,16.75,16.79,16.15
2015-11-30,16.63,3149875,16.53,16.75,16.26
2015-12-01,15.89,4175346,16.59,16.64,15.81
2015-12-02,16.37,4530085,15.75,16.62,15.69
2015-12-03,16.07,2209927,16.41,16.41,15.85
2015-12-04,15.79,1854695,15.8,16.09,15.72
2015-12-07,15.3,2348413,15.67,15.7,15.07
2015-12-08,15.06,2906804,15.05,15.1,14.4
2015-12-09,14.9,2431039,15.14,15.37,14.67
2015-12-10,15.29,2324457,14.97,15.47,14.91
2015-12-11,14.4,2550305,14.98,15.0,14.355
2015-12-14,14.46,3423908,14.33,14.53,13.77
2015-12-15,15.12,2494279,14.65,15.28,14.6
2015-12-16,15.19,2274557,15.2,15.45,14.95
2015-12-17,15.37,2497434,15.33,15.705,15.135
2015-12-18,15.32,4443887,15.13,15.36,15.04
2015-12-21,15.64,2485466,15.21,15.65,15.11
2015-12-22,15.8,2906770,15.43,15.9201,15.34
2015-12-23,16.03,2659173,15.97,16.09,15.8
2015-12-24,16.1,735622,15.94,16.16,15.88
2015-12-28,15.63,1454967,15.71,15.77,15.42
2015-12-29,15.815,1184430,15.79,15.97,15.53
2015-12-30,15.43,1208284,15.69,15.84,15.41
2015-12-31,15.72,1102623,15.43,15.81,15.32
2016-01-04,15.22,3641750,15.25,15.29,14.51
2016-01-05,15.41,2422309,15.16,15.54,15.13
2016-01-06,14.97,4089464,15.04,15.06,14.69
2016-01-07,13.96,3416588,14.63,15.03,13.64
2016-01-08,13.42,2691289,14.4,14.48,13.37
2016-01-11,12.86,3908098,13.7,13.78,12.61
2016-01-12,13.09,2423159,13.13,13.19,12.73
2016-01-13,12.98,2277735,13.38,13.48,12.73
2016-01-14,13.18,2080474,12.99,13.37,12.62
2016-01-15,12.22,3542325,12.38,12.52,11.95
2016-01-19,11.93,2396163,12.5,12.51,11.76
2016-01-20,11.8,4922498,11.68,11.955,11.0
2016-01-21,12.18,2907454,11.68,12.36,11.62
2016-01-22,13.13,2507443,12.99,13.26,12.84
2016-01-25,12.57,1805325,12.86,12.9,12.41
2016-01-26,13.26,2364822,12.75,13.28,12.5
2016-01-27,13.22,2589574,13.37,13.73,13.13
2016-01-28,13.13,2897869,13.68,13.85,12.95
2016-01-29,13.42,2563710,13.37,13.61,13.19
2016-02-01,13.6,2011987,13.24,13.64,13.17
2016-02-02,12.78,1867128,13.1,13.17,12.67
2016-02-03,13.23,2897803,13.06,13.27,12.71
2016-02-04,13.55,2298506,13.59,13.975,13.41
2016-02-05,12.88,2724875,13.25,13.33,12.59
2016-02-08,12.77,2578817,12.88,12.88,12.43
2016-02-09,12.5,2879030,12.4,12.97,12.29
2016-02-10,12.78,1431418,12.67,12.99,12.48
2016-02-11,12.61,2071049,12.44,12.77,12.385
2016-02-12,12.95,2499792,12.83,13.14,12.45
2016-02-16,13.57,4063742,13.42,13.87,13.38
2016-02-17,13.64,2606232,14.0,14.0,13.59
2016-02-18,13.08,2349854,13.86,13.955,13.02
2016-02-19,12.67,3062746,12.83,12.92,12.55
2016-02-22,13.33,2041204,13.2,13.44,13.16
2016-02-23,12.91,1039960,13.21,13.29,12.88
2016-02-24,13.17,2373533,12.8,13.2,12.51
2016-02-25,12.88,1692886,12.99,13.15,12.68
2016-02-26,12.98,1580394,13.38,13.49,12.81
2016-02-29,12.92,1241483,13.14,13.14,12.825
2016-03-01,13.575,2279270,13.16,13.665,13.06
2016-03-02,14.18,2239486,13.35,14.18,13.35
2016-03-03,13.74,1631059,13.95,14.2,13.615
2016-03-04,14.48,3152184,13.96,14.49,13.57
2016-03-07,14.54,4177797,14.21,14.81,14.0
2016-03-08,13.72,2458859,14.32,14.385,13.57
2016-03-09,13.88,1547019,13.97,14.04,13.79
2016-03-10,13.63,998409,14.01,14.0299,13.42
2016-03-11,14.26,1909168,14.03,14.37,13.96
2016-03-14,14.74,3032904,14.18,14.775,14.11
2016-03-15,14.05,2141619,14.48,14.48,13.94
2016-03-16,15.06,2666029,14.08,15.11,14.08
2016-03-17,15.41,3033918,15.15,15.44,14.96
2016-03-18,15.19,2610536,15.42,15.57,15.095
2016-03-21,15.02,2517698,15.14,15.29,14.795
2016-03-22,15.27,1702716,14.96,15.32,14.81
2016-03-23,14.98,1835585,15.1,15.25,14.86
2016-03-24,15.08,2491140,14.72,15.12,14.62
2016-03-28,14.91,1175524,15.06,15.06,14.64
2016-03-29,15.29,1742333,14.8,15.36,14.6
2016-03-30,15.4,1821935,15.46,15.73,15.25
2016-03-31,15.32,1455176,15.45,15.499,15.12
2016-04-01,15.38,1801998,14.87,15.41,14.86
2016-04-04,15.06,1421833,15.28,15.335,15.0
2016-04-05,15.08,1444140,14.91,15.14,14.72
2016-04-06,15.45,1896046,15.14,15.485,14.96
2016-04-07,15.21,2708080,15.28,15.6,15.15
2016-04-08,15.05,3104284,15.4,15.57,14.9
2016-04-11,15.68,2574112,15.42,15.92,15.36
2016-04-12,16.76,4131299,16.0,16.94,15.85
2016-04-13,16.75,4365726,16.8,17.24,16.655
2016-04-14,16.84,2143532,16.83,16.86,16.43
2016-04-15,16.59,1607700,16.74,16.82,16.52
2016-04-18,17.17,3031372,16.2,17.2,16.04
2016-04-19,17.51,3392771,17.42,17.565,17.15
2016-04-20,18.21,5244818,17.55,18.39,17.417
2016-04-21,18.13,3535232,17.91,18.32,17.91
2016-04-22,18.08,1721394,18.4,18.51,17.88
2016-04-25,17.86,1926248,18.26,18.47,17.68
2016-04-26,18.11,1884460,17.9,18.12,17.74
2016-04-27,18.53,3406870,18.13,18.7,18.0
2016-04-28,19.87,8782383,19.55,20.29,19.31
2016-04-29,20.47,5398229,19.93,20.67,19.87
2016-05-02,20.68,3998979,20.41,20.77,19.91
2016-05-03,20.18,2959343,20.14,20.3,19.7
2016-05-04,19.97,3714851,19.97,20.32,19.74
2016-05-05,19.97,2918561,20.06,20.19,19.74
2016-05-06,19.88,3239823,19.44,20.08,19.2
2016-05-09,19.24,4045146,19.33,19.81,18.99
2016-05-10,19.59,2285623,19.15,19.62,18.98
2016-05-11,19.69,1909399,19.79,19.865,19.61
2016-05-12,19.58,1759813,19.81,20.01,19.38
2016-05-13,19.52,1476780,19.38,19.76,19.37
2016-05-16,19.81,2092387,19.85,20.095,19.8
2016-05-17,19.69,2070879,19.61,19.91,19.55
2016-05-18,19.12,1959854,19.59,19.7,19.03
2016-05-19,18.99,3128773,18.89,19.05,18.55
2016-05-20,19.22,1519443,19.06,19.25,18.99
2016-05-23,19.16,1511414,19.19,19.4,19.04
2016-05-24,19.48,1215837,19.22,19.51,19.13
2016-05-25,19.77,1505260,19.69,19.85,19.55
2016-05-26,19.85,1355971,19.96,20.3697,19.77
2016-05-27,19.91,1268238,19.89,19.955,19.725
2016-05-31,20.6,3348071,20.06,20.83,19.99
2016-06-01,20.56,1600510,20.47,20.62,19.96
2016-06-02,20.63,1407583,20.12,20.68,20.11
2016-06-03,20.89,2331815,20.61,21.06,20.58
2016-06-06,21.46,2204069,21.42,21.83,21.29
2016-06-07,21.93,3454146,21.66,21.99,21.44
2016-06-08,23.08,6641719,22.02,23.2,22.02
2016-06-09,23.08,3709360,22.68,23.08,22.63
2016-06-10,21.84,3648316,22.5,22.67,21.44
2016-06-13,21.48,2042854,21.55,21.855,21.34
2016-06-14,21.11,2474924,21.18,21.38,20.7
2016-06-15,21.18,1947555,21.25,21.65,21.13
2016-06-16,21.09,2251775,20.98,21.14,20.505
2016-06-17,21.43,3254257,21.26,21.8,20.96
2016-06-20,21.81,2941411,22.3,22.5438,21.78
2016-06-21,21.54,2442040,21.68,21.76,21.38
2016-06-22,21.8,1531631,21.49,22.0,21.31
2016-06-23,22.08,1833059,22.32,22.59,21.99
2016-06-24,21.39,3844806,21.02,21.97,20.9699
2016-06-27,19.9,3522746,21.09,21.1178,19.54
2016-06-28,20.93,3757652,20.44,20.97,20.43
2016-06-29,21.47,3303824,21.17,21.77,20.89
2016-06-30,21.85,2360042,21.29,22.0,21.29
2016-07-01,21.73,1811159,21.88,22.18,21.495
2016-07-05,21.65,1960393,21.6,21.69,21.155
2016-07-06,21.56,1761615,21.37,21.57,20.855
2016-07-07,21.68,1952602,21.61,22.06,21.53
2016-07-08,22.08,2039157,21.98,22.27,21.975
2016-07-11,22.07,1357654,22.29,22.39,21.87
2016-07-12,22.77,3648056,22.3,23.17,22.28
2016-07-13,22.0,3238411,22.78,22.81,21.825
2016-07-14,21.97,2287643,22.29,22.49,21.76
2016-07-15,21.43,2278806,21.99,22.14,21.35
2016-07-18,21.5,2018749,21.52,21.71,21.33
2016-07-19,21.05,2252125,21.44,21.6,21.04
2016-07-20,21.39,2928795,21.01,21.46,20.95
2016-07-21,21.26,1637955,21.41,21.6999,21.23
2016-07-22,21.23,1443252,21.4,21.51,21.2037
2016-07-25,21.02,1656529,21.23,21.33,20.95
2016-07-26,21.13,1751151,20.91,21.42,20.83
2016-07-27,21.71,2947545,21.18,21.86,21.14
2016-07-28,22.33,4324725,22.44,23.17,22.08
2016-07-29,21.65,1933231,22.24,22.28,21.59
2016-08-01,21.26,2663301,21.58,22.08,21.18
2016-08-02,21.14,2293726,21.2,21.87,20.93
2016-08-03,21.05,1669438,21.0,21.47,21.0
2016-08-04,21.46,1244552,21.05,21.5,21.01
2016-08-05,21.77,2298179,21.56,22.0,21.41
2016-08-08,21.89,1127830,21.95,22.15,21.85
2016-08-09,22.39,2008773,21.93,22.41,21.79
2016-08-10,22.36,1188930,22.44,22.715,22.3
2016-08-11,23.24,4259338,22.57,23.54,22.4
2016-08-12,23.21,1539112,23.23,23.39,22.915
2016-08-15,23.41,1829771,23.48,23.874,23.3
2016-08-16,23.35,2504595,23.32,23.54,23.05
2016-08-17,22.87,1660923,23.32,23.32,22.4865
2016-08-18,22.77,1935112,22.79,23.13,22.68
2016-08-19,22.48,1655147,22.73,22.815,22.45
2016-08-22,22.13,1393692,22.34,22.57,22.03
2016-08-23,22.44,2579322,22.25,22.57,22.135
2016-08-24,22.37,1500925,22.29,22.5,22.22
2016-08-25,22.14,1492285,22.41,22.53,22.0
2016-08-26,22.14,2211350,22.18,22.72,22.0
2016-08-29,22.22,828895,22.18,22.41,22.05
2016-08-30,22.11,1220859,22.26,22.39,21.93
2016-08-31,22.04,1650216,22.0,22.19,21.71
2016-09-01,22.19,1865632,22.04,22.42,22.0
2016-09-02,22.39,1837130,22.32,22.65,22.22
2016-09-06,22.06,2564823,22.65,22.84,21.99
2016-09-07,22.01,2167589,22.15,22.21,21.87
2016-09-08,21.85,2563772,22.39,22.44,21.84
2016-09-09,20.31,4441234,21.64,21.7,20.17
2016-09-12,20.83,2673301,20.43,21.03,20.43
2016-09-13,20.38,2771309,20.55,20.575,19.98
2016-09-14,20.32,915739,20.37,20.43,20.145
2016-09-15,20.5,1619359,20.46,20.62,20.13
2016-09-16,20.64,1256282,20.46,20.72,20.31
2016-09-19,20.77,1198427,20.89,21.0,20.69
2016-09-20,20.7,1270916,20.72,20.87,20.56
2016-09-21,21.54,1963414,20.84,21.56,20.7
2016-09-22,22.07,1839122,21.77,22.1,21.69
2016-09-23,21.57,1658923,21.84,22.05,21.47
2016-09-26,21.36,1277237,21.44,21.74,21.272
2016-09-27,21.31,1172344,21.32,21.47,21.06
2016-09-28,21.45,1954253,21.28,21.55,21.155
2016-09-29,21.44,2322337,21.53,21.72,21.225
2016-09-30,21.05,2267983,21.45,21.47,21.03
2016-10-03,21.73,1477580,21.36,21.75,21.3249
2016-10-04,21.44,1564334,21.67,21.67,21.3
2016-10-05,21.98,1505049,21.41,22.1,21.39
2016-10-06,22.13,1367006,21.92,22.2,21.819
2016-10-07,22.0,1631121,22.24,22.3,21.82
2016-10-10,21.76,1948315,22.05,22.16,21.62
2016-10-11,21.4,1837594,21.63,21.74,21.27
2016-10-12,20.16,3370036,21.27,21.36,20.08
2016-10-13,19.08,5250677,20.05,20.05,18.85
2016-10-14,18.93,3886789,19.28,19.72,18.91
2016-10-17,19.04,3220571,19.0,19.19,18.65
2016-10-18,19.74,3387670,19.25,19.86,19.23
2016-10-19,19.85,2441290,19.97,20.0,19.75
2016-10-20,19.7,1174372,19.7,19.84,19.58
2016-10-21,19.5,1495136,19.69,19.69,19.23
2016-10-24,19.64,1296770,19.99,20.0,19.57
2016-10-25,19.62,3058360,19.95,20.01,19.6
2016-10-26,18.95,4461560,19.58,19.58,18.84
2016-10-27,19.92,7442439,20.0,20.64,19.88
2016-10-28,20.06,3163253,20.2,20.48,19.92
2016-10-31,19.69,1873330,19.84,19.99,19.53
2016-11-01,19.52,2472843,19.88,19.94,19.445
2016-11-02,18.69,2102366,19.49,19.52,18.66
2016-11-03,18.5,1911095,18.83,18.87,18.45
2016-11-04,18.32,2229328,18.32,18.62,18.09
2016-11-07,18.65,1476666,19.0,19.12,18.595
2016-11-08,18.74,2209400,18.55,18.9,18.38
2016-11-09,20.03,6812136,18.84,20.06,18.8
2016-11-10,19.2,3813453,20.01,20.26,19.0
2016-11-11,18.71,2938961,18.91,19.01,18.21
2016-11-14,17.81,3483999,18.4,18.45,17.28
2016-11-15,18.27,4305638,18.09,18.31,17.81
2016-11-16,17.61,3311618,18.11,18.19,17.59
2016-11-17,17.96,2783523,17.85,18.02,17.58
2016-11-18,18.47,2173499,17.96,18.67,17.88
2016-11-21,18.6,2750787,18.74,19.06,18.41
2016-11-22,18.95,3074069,18.6,18.975,18.15
2016-11-23,19.03,3175277,18.58,19.17,18.58
2016-11-25,18.63,1296621,19.0,19.1,18.6
2016-11-28,18.48,1724345,18.65,18.84,18.425
2016-11-29,18.46,1713687,18.38,18.71,18.28
2016-11-30,19.01,3396223,18.7,19.06,18.43
2016-12-01,18.61,2533617,19.08,19.45,18.5
2016-12-02,18.42,1892197,18.76,18.8621,18.325
2016-12-05,19.22,2042892,18.7,19.255,18.62
2016-12-06,19.24,2448083,19.01,19.5,19.01
2016-12-07,19.68,1539451,19.28,19.785,19.06
2016-12-08,19.95,1332917,19.7,19.98,19.63
2016-12-09,19.86,1223010,19.95,20.01,19.75
2016-12-12,20.29,3547179,20.19,20.45,19.93
2016-12-13,21.06,3664207,20.52,21.14,20.5
2016-12-14,20.78,2646409,20.56,21.315,20.24
2016-12-15,20.58,2618961,20.98,21.07,20.355
2016-12-16,20.25,1696403,20.76,20.77,20.16
2016-12-19,19.96,1060108,20.23,20.39,19.92
2016-12-20,20.89,1773734,20.1,20.93,20.04
2016-12-21,20.29,2301169,20.75,20.83,20.2
2016-12-22,20.5,1511496,20.39,20.5911,20.23
2016-12-23,20.39,1074929,20.31,20.56,20.2
2016-12-27,20.37,1264484,20.42,20.65,20.285
2016-12-28,20.23,936071,20.46,20.69,20.125
2016-12-29,20.35,1250294,20.3,20.55,20.22
2016-12-30,20.13,773764,20.5,20.55,20.06
2017-01-03,20.43,1597146,20.44,20.8,20.2
2017-01-04,20.44,2445543,20.56,20.8,20.335
2017-01-05,21.88,3997608,20.53,22.0,20.38
2017-01-06,21.84,1691489,21.55,21.99,21.54
2017-01-09,21.95,1614755,21.72,22.11,21.62
2017-01-10,21.57,1489456,21.95,22.06,21.45
2017-01-11,21.49,1307405,21.61,21.61,21.25
2017-01-12,21.31,1570056,21.48,21.6,21.155
2017-01-13,21.5,1563617,21.31,21.61,21.2962
2017-01-17,21.92,1463089,21.66,22.03,21.66
2017-01-18,21.96,1662862,21.95,22.06,21.75
2017-01-19,22.03,1707422,21.86,22.04,21.71
2017-01-20,21.87,1036421,22.1,22.12,21.84
2017-01-23,22.09,1286386,21.97,22.15,21.67
2017-01-24,23.19,3780812,22.4,23.32,22.37
2017-01-25,23.7,2478487,23.34,23.83,23.22
2017-01-26,23.28,2004146,23.45,23.57,23.01
2017-01-27,23.63,1456399,23.58,23.78,23.51
2017-01-30,23.1,1449793,23.3,23.33,22.62
2017-01-31,23.14,1633693,22.96,23.28,22.83
2017-02-01,23.36,2117867,23.26,23.37,22.795
2017-02-02,23.33,3329612,23.21,23.39,22.88
2017-02-03,23.08,2518780,23.48,23.66,23.08
2017-02-06,23.01,1232795,23.11,23.19,22.88
2017-02-07,23.15,1236001,23.07,23.37,23.01
2017-02-08,23.05,1664602,23.14,23.14,22.66
2017-02-09,22.96,1357769,23.01,23.22,22.87
2017-02-10,23.12,1771664,23.07,23.15,22.75
2017-02-13,22.97,1057823,23.24,23.29,22.87
2017-02-14,22.69,3313338,23.09,23.12,22.58
2017-02-15,23.14,3091003,22.9,23.29,22.75
2017-02-16,24.49,6132985,23.02,25.0,22.95
2017-02-17,24.66,3294369,24.03,24.7298,23.86
2017-02-21,24.34,3271075,24.75,24.8,24.12
2017-02-22,24.17,2720989,23.94,24.26,23.85
2017-02-23,23.74,1640466,24.0,24.1,23.66
2017-02-24,23.58,1688631,23.57,23.65,23.33
2017-02-27,23.18,1591887,23.56,23.57,23.17
2017-02-28,22.5,2347573,22.97,23.1,22.45
2017-03-01,23.35,3943667,22.82,23.41,22.44
2017-03-02,23.23,4444328,23.18,23.34,22.92
2017-03-03,23.57,2490307,23.25,23.62,23.2275
2017-03-06,23.57,1589286,23.45,23.62,23.13
2017-03-07,23.49,1248607,23.54,23.61,23.23
2017-03-08,23.43,1237080,23.47,23.68,23.36
2017-03-09,22.85,2787608,23.23,23.23,22.635
2017-03-10,23.03,2678794,23.07,23.19,22.9
2017-03-13,23.24,2063423,23.11,23.35,22.9
2017-03-14,22.8,1536800,23.0,23.12,22.75
2017-03-15,22.94,2377805,22.91,23.03,22.4501
2017-03-16,23.74,1583125,23.16,23.98,23.16
2017-03-17,23.62,1767960,23.84,23.89,23.44
2017-03-20,23.48,939265,23.58,23.67,23.4
2017-03-21,22.18,2989825,23.64,23.65,22.14
2017-03-22,22.42,1721627,22.31,22.44,22.02
2017-03-23,22.24,1603770,22.44,22.62,22.16
2017-03-24,22.41,1088388,22.35,22.565,22.21
2017-03-27,22.17,1633165,22.05,22.25,21.645
2017-03-28,22.43,1036849,22.17,22.57,22.13
2017-03-29,22.24,1443369,22.43,22.53,22.11
2017-03-30,22.06,1300509,22.38,22.79,22.05
2017-03-31,21.93,1126447,21.87,22.21,21.85
2017-04-03,22.13,1332195,21.92,22.36,21.89
2017-04-04,22.14,1041024,22.08,22.21,21.895
2017-04-05,22.61,2013838,22.37,23.13,22.32
2017-04-06,22.9,1468626,22.7,23.16,22.7
2017-04-07,21.82,4936144,22.24,22.44,21.6
2017-04-10,21.67,2371951,21.43,21.85,21.4
2017-04-11,22.33,2333622,21.89,22.39,21.68
2017-04-12,22.78,2449944,22.27,22.8,22.26
2017-04-13,22.75,1625469,22.61,22.96,22.51
2017-04-17,24.27,7311332,23.09,24.545,23.09
2017-04-18,24.01,3789272,23.82,24.13,23.7
2017-04-19,23.32,2630859,24.11,24.15,23.12
2017-04-20,23.31,2022972,23.41,23.83,23.31
2017-04-21,23.08,1614105,23.38,23.45,23.0
2017-04-24,23.38,1993824,23.52,23.65,23.3
2017-04-25,23.92,3169907,23.64,23.95,23.33
2017-04-26,24.86,4909114,24.05,25.03,23.95
2017-04-27,27.4,8546477,25.32,27.51,25.28
2017-04-28,27.26,3772275,26.84,27.33,26.72
2017-05-01,27.76,2160302,27.38,27.865,27.19
2017-05-02,26.79,3727128,27.65,27.695,26.78
2017-05-03,27.21,2553786,26.43,27.28,26.42
2017-05-04,26.84,2938183,26.76,27.41,26.57
2017-05-05,27.44,1716944,26.85,27.58,26.75
2017-05-08,27.66,1671776,27.4,28.0,27.2182
2017-05-09,27.38,972517,27.86,28.0,27.29
2017-05-10,27.51,1478936,27.58,27.78,27.47
2017-05-11,27.65,1983850,27.63,27.685,27.23
2017-05-12,28.06,2032215,27.57,28.23,27.34
2017-05-15,28.9,2179195,28.38,29.11,28.35
2017-05-16,28.99,2422253,28.31,29.13,28.301
2017-05-17,27.58,2526426,28.31,28.69,27.51
2017-05-18,27.77,1869973,27.34,27.9,26.78
2017-05-19,28.51,2269009,27.8,28.735,27.7097
2017-05-22,28.63,980247,28.51,28.7,28.19
2017-05-23,28.47,700796,28.91,28.97,28.34
2017-05-24,28.47,1206496,28.29,28.675,28.221
2017-05-25,27.82,1745232,28.7,28.75,27.815
2017-05-26,27.66,1833360,27.88,27.93,27.41
2017-05-30,27.19,1514874,27.51,27.79,26.99
2017-05-31,26.48,1736479,26.82,26.94,26.31
2017-06-01,27.09,2109059,26.48,27.14,26.21
2017-06-02,26.32,2235067,27.02,27.05,25.98
2017-06-05,27.17,1526951,26.37,27.32,26.37
2017-06-06,26.86,985110,27.07,27.21,26.83
2017-06-07,26.74,1104129,27.0,27.17,26.525
2017-06-08,26.75,1202929,26.68,26.9,26.38
2017-06-09,26.25,1891379,26.95,27.124,25.68
2017-06-12,25.94,1222228,26.14,26.48,25.36
2017-06-13,26.28,1253029,26.17,26.6,25.79
2017-06-14,25.74,2258625,26.21,26.54,25.17
2017-06-15,25.77,3010425,25.37,25.985,24.94
2017-06-16,25.57,3398627,25.75,25.93,25.19
2017-06-19,26.6,2443393,25.5,26.64,25.5
2017-06-20,26.25,1400247,26.49,26.67,25.92
2017-06-21,26.78,1640326,26.39,26.94,26.15
2017-06-22,26.93,2203349,27.0,27.34,26.71
2017-06-23,27.55,1951234,26.95,27.64,26.37
2017-06-26,27.17,2248126,27.71,27.89,26.92
2017-06-27,26.88,2639980,27.06,27.11,26.65
2017-06-28,27.62,2464796,26.85,27.88,26.31
2017-06-29,26.63,2202892,27.59,27.59,26.33
2017-06-30,26.24,2578065,26.7,26.98,25.89
2017-07-03,26.13,551843,26.18,26.45,26.02
2017-07-05,25.97,1351194,26.17,26.2,25.65
2017-07-06,26.04,1390797,26.19,26.38,25.99
2017-07-07,26.25,1276738,26.18,26.34,25.98
2017-07-10,26.51,2530799,26.29,26.61,26.22
2017-07-11,26.5,1498965,26.27,26.61,26.13
2017-07-12,27.33,2560452,26.99,27.99,26.9
2017-07-13,31.68,23961480,32.29,32.44,30.9
2017-07-14,31.62,4982687,31.18,31.82,31.13
2017-07-17,31.34,2517492,31.39,31.88,31.07
2017-07-18,31.55,2921976,31.32,32.1,31.2263
2017-07-19,31.1,2347504,31.83,32.24,30.96
2017-07-20,31.36,2718202,31.21,31.5,30.66
2017-07-21,31.41,2220443,31.31,31.62,31.09
2017-07-24,31.84,3511845,31.05,32.09,31.0
2017-07-25,31.74,3403255,31.86,31.93,31.35
2017-07-26,31.84,5530067,31.75,31.95,31.59
2017-07-27,30.76,4352911,32.05,32.38,30.42
2017-07-28,29.53,6868925,30.0,30.32,29.15
2017-07-31,28.98,4062943,29.62,29.635,28.78
2017-08-01,28.98,3446367,29.26,29.46,28.74
2017-08-02,28.36,2890281,29.07,29.19,28.13
2017-08-03,29.16,4643630,28.79,29.29,28.61
2017-08-04,29.61,4030197,29.41,29.67,29.14
2017-08-07,29.96,2088349,29.93,30.09,29.75
2017-08-08,29.84,1960771,29.86,30.02,29.51
2017-08-09,30.69,4205411,30.67,31.31,30.38
2017-08-10,29.28,2493744,30.56,30.75,29.08
2017-08-11,29.05,2507784,29.28,29.39,28.87
2017-08-14,29.73,1549452,29.45,29.89,29.35
2017-08-15,30.25,1599348,29.85,30.29,29.64
2017-08-16,30.95,2515444,30.31,31.06,30.28
2017-08-17,30.34,2145401,30.91,31.355,30.3
2017-08-18,29.81,1891824,30.25,30.38,29.67
2017-08-21,29.72,1210218,30.0,30.29,29.6
2017-08-22,30.08,2377559,29.84,30.145,29.62
2017-08-23,29.94,2317550,29.81,29.99,29.58
2017-08-24,29.88,1300038,30.09,30.18,29.69
2017-08-25,29.75,1556318,30.08,30.4,29.6099
2017-08-28,29.47,987795,29.93,30.04,29.29
2017-08-29,29.49,2235176,29.19,29.63,29.04
2017-08-30,29.85,3910855,29.63,30.08,29.31
2017-08-31,30.01,4852648,30.21,30.46,29.93
2017-09-01,32.21,7718767,30.3,32.85,30.292
2017-09-05,32.35,4757532,32.21,32.875,32.075
2017-09-06,32.1,3723054,32.34,32.76,31.751
2017-09-07,33.01,4861036,32.23,33.19,31.61
2017-09-08,31.87,2422870,33.0,33.26,31.82
2017-09-11,33.11,3582926,32.315,33.33,32.17
2017-09-12,33.08,2210072,33.16,33.61,32.7
2017-09-13,32.44,1845143,32.65,32.95,32.37
2017-09-14,32.2,1897370,32.45,32.525,32.0
2017-09-15,32.64,4729758,32.43,33.2,32.36
2017-09-18,32.32,1510225,32.46,32.76,32.14
2017-09-19,32.24,2359881,32.09,32.4,31.66
2017-09-20,32.03,1342679,32.36,32.73,31.74
2017-09-21,32.63,2234307,32.35,32.69,31.96
2017-09-22,33.2,3799986,32.63,33.68,32.44
2017-09-25,32.49,3367671,33.44,33.59,31.6
2017-09-26,31.71,2210358,32.31,32.65,31.65
2017-09-27,32.34,2227208,32.09,32.52,31.94
2017-09-28,32.37,1706151,32.3,32.43,31.85
2017-09-29,32.95,2345310,32.23,32.97,32.08
2017-10-02,32.96,1470868,32.94,33.555,32.63
2017-10-03,34.18,2674496,33.21,34.18,33.0
2017-10-04,33.43,967031,34.23,34.27,33.3
2017-10-05,33.76,1176018,33.72,33.8234,33.23
2017-10-06,32.51,2844280,33.26,33.51,32.46
2017-10-09,32.47,1581153,32.49,32.89,32.41
2017-10-10,31.71,2950127,32.68,32.7,31.5
2017-10-11,31.83,2153852,31.82,32.265,31.6
2017-10-12,32.34,1932977,31.8,32.46,31.78
2017-10-13,32.44,1882551,32.45,32.8,32.305
2017-10-16,31.89,1814194,32.5,32.68,31.735
2017-10-17,31.75,1306650,31.8,31.99,31.6001
2017-10-18,32.32,1768358,31.79,32.48,31.61
2017-10-19,31.64,1710219,32.13,32.14,31.61
2017-10-20,31.16,3166742,31.72,31.88,31.095
2017-10-23,30.77,3129657,31.29,31.47,30.74
2017-10-24,32.82,6444356,32.08,34.13,31.6
2017-10-25,32.01,2917942,32.65,32.875,31.85
2017-10-26,32.68,2093992,32.14,33.17,31.97
2017-10-27,32.38,3538571,32.72,33.53,32.26
2017-10-30,33.1,3295066,32.69,33.41,32.45
2017-10-31,33.83,2592074,32.47,34.08,32.47
2017-11-01,34.03,2412358,34.12,34.83,33.94
2017-11-02,33.44,2863880,33.5,33.8,33.0
2017-11-03,33.01,2020557,33.42,33.8,32.84
2017-11-06,33.55,1644639,33.05,33.69,33.01
2017-11-07,32.58,3079475,33.6,33.7,32.32
2017-11-08,32.72,1958500,32.76,32.96,32.25
2017-11-09,31.92,3302493,32.34,32.36,31.11
2017-11-10,30.99,3913934,31.94,32.21,30.85
2017-11-13,31.62,3383133,30.99,32.15,30.95
2017-11-14,31.25,2445348,31.35,31.48,30.95
2017-11-15,31.24,2059355,31.05,31.29,30.84
2017-11-16,32.4,2667884,31.25,32.6,31.24
2017-11-17,33.19,3956720,32.57,33.48,32.43
2017-11-20,33.71,4856277,33.19,34.06,32.94
2017-11-21,34.28,4389516,34.29,34.78,34.0
2017-11-22,33.9,2425919,34.38,34.57,33.33
2017-11-24,35.0,2958312,34.84,35.32,34.67
2017-11-27,34.43,2555808,35.07,35.3,34.07
2017-11-28,34.49,2561972,34.69,34.82,34.01
2017-11-29,32.95,5362996,34.33,34.76,32.53
2017-11-30,33.11,2519641,32.82,33.35,32.65
2017-12-01,32.53,3437331,33.14,33.14,31.9
2017-12-04,32.03,3801397,32.77,32.95,31.91
2017-12-05,32.37,2795908,32.18,32.9,31.75
2017-12-06,32.62,2428118,32.22,32.95,31.94
2017-12-07,33.02,1495999,32.36,33.19,32.26
2017-12-08,32.89,1219597,33.31,33.35,32.77
2017-12-11,33.29,2018218,33.37,33.92,33.19
2017-12-12,32.89,1737593,33.45,33.45,32.83
2017-12-13,32.72,1281501,33.0,33.14,32.7
2017-12-14,32.05,1893751,32.83,33.0,31.86
2017-12-15,32.05,1793495,32.25,32.3,31.79
2017-12-18,32.32,2434700,32.2,32.55,32.065
2017-12-19,32.26,1392658,32.01,32.45,31.84
2017-12-20,32.01,1783393,32.01,32.24,31.86
2017-12-21,31.44,1975182,31.85,32.39,31.34
2017-12-22,31.66,2845621,31.68,31.77,31.22
2017-12-26,32.2,1735722,31.84,32.31,31.41
2017-12-27,32.45,1992618,32.2,32.49,32.01
2017-12-28,32.56,1303617,32.44,32.75,32.3
2017-12-29,32.75,1587790,32.57,33.09,32.55
2018-01-02,33.64,2086967,32.99,33.94,32.81
2018-01-03,34.16,2644931,33.49,34.36,33.47
2018-01-04,34.22,1563584,34.29,34.74,34.06
2018-01-05,34.25,1481577,34.16,34.45,34.02
2018-01-08,34.63,1627019,33.86,34.68,33.8
2018-01-09,34.34,1878130,34.54,34.8922,34.25
2018-01-10,34.54,1521211,34.19,34.83,34.14
2018-01-11,34.58,1480874,34.55,34.83,34.29
2018-01-12,34.6,1153859,34.66,34.69,34.34
2018-01-16,35.18,2934667,35.1,36.29,34.99
2018-01-17,36.5,3021420,35.24,36.6,35.24
2018-01-18,37.51,3491519,36.27,37.69,36.25
2018-01-19,37.2,2403850,37.29,37.445,36.84
2018-01-22,37.97,1689452,37.02,38.0,36.92
2018-01-23,38.03,1769412,37.52,38.31,37.32
2018-01-24,37.87,2107948,38.08,38.275,37.45
2018-01-25,38.4,2316356,38.55,38.64,37.68
2018-01-26,39.19,1689874,38.44,39.21,38.39
2018-01-29,38.5,1763555,39.11,39.2,38.46
2018-01-30,38.1,3416775,38.05,38.77,37.81
2018-01-31,38.73,3095737,38.64,39.06,38.18
2018-02-01,39.41,2190522,38.74,39.669,38.52
2018-02-02,37.87,2703902,38.93,39.01,37.48
2018-02-05,36.16,1696407,37.43,38.21,36.12
2018-02-06,37.3,2683943,35.9,37.5,35.79
2018-02-07,36.98,1795250,37.14,38.19,36.895
2018-02-08,35.2,2736469,37.46,37.81,35.2
2018-02-09,35.89,5045005,35.94,36.28,34.195
2018-02-12,36.5,1531797,36.32,36.84,36.24
2018-02-13,37.42,2892847,36.67,37.69,36.47
2018-02-14,38.89,5043672,37.58,39.44,37.5
2018-02-15,41.96,9922169,41.47,42.72,40.06
2018-02-16,42.1,3608224,40.9,42.9,40.821
2018-02-20,43.05,3172366,42.37,43.48,42.03
2018-02-21,43.49,5430583,43.4,44.49,43.27
2018-02-22,42.39,3554162,43.62,43.6952,42.38
2018-02-23,42.49,3142873,42.58,42.87,42.14
2018-02-26,42.0,3063990,43.58,43.675,41.98
2018-02-27,42.05,2765677,41.93,42.63,41.67
2018-02-28,41.09,2836529,41.95,42.05,40.93
2018-03-01,40.13,3064170,40.9,41.07,39.87
2018-03-02,41.26,3006273,39.88,41.32,39.52
2018-03-05,41.72,2057145,41.23,41.89,40.8
2018-03-06,42.66,2203227,42.03,42.86,41.8
2018-03-07,43.16,2322433,41.72,43.235,41.64
2018-03-08,43.75,2918089,44.19,44.2,43.23
2018-03-09,43.09,2795888,44.12,44.2,42.67
2018-03-12,42.98,1571837,43.54,43.54,42.85
2018-03-13,42.29,1767093,43.09,43.2,41.9314
2018-03-14,42.99,1929468,42.3,43.42,42.16
2018-03-15,42.27,2085711,42.32,42.91,42.09
2018-03-16,42.3,1614759,42.23,42.48,41.91
2018-03-19,42.21,1716456,41.81,42.34,41.42
2018-03-20,42.78,3088729,42.21,43.07,42.17
2018-03-21,43.21,3188013,42.6,43.54,42.55
2018-03-22,41.84,3342875,42.51,43.03,41.39
2018-03-23,41.15,1568077,41.74,42.11,41.15
2018-03-26,41.48,2951806,41.82,41.93,40.295
2018-03-27,39.73,2701782,41.65,41.7,39.51
2018-03-28,39.25,2939395,39.65,39.99,38.63
2018-03-29,39.45,6919968,40.19,40.47,39.37
2018-04-02,39.14,2694251,39.21,39.86,38.85
2018-04-03,39.07,3934584,39.5,39.84,38.57
2018-04-04,39.66,3356394,38.37,39.78,38.1
2018-04-05,40.13,3374712,39.92,40.33,39.81
2018-04-06,39.39,3152011,39.87,40.16,39.13
2018-04-09,34.66,15117810,35.9,36.44,34.4
2018-04-10,33.99,8038860,34.7,34.73,33.8
2018-04-11,35.01,10163080,33.52,36.5278,33.32
2018-04-12,33.16,11669520,36.02,36.17,32.9
2018-04-13,32.98,7192037,33.56,33.9471,32.71
2018-04-16,33.63,26185280,32.7,34.13,32.02
2018-04-17,33.03,12124090,34.18,34.3,32.97
2018-04-18,34.98,9908429,34.24,35.395,33.98
2018-04-19,34.39,6992829,35.55,36.0,34.1
2018-04-20,33.72,5754968,34.13,34.51,33.495
2018-04-23,34.07,6261617,34.54,35.47,33.88
2018-04-24,33.54,10684020,34.66,34.7,33.04
2018-04-25,33.01,11155600,34.0,34.16,31.77
2018-04-26,32.73,5640624,33.26,33.29,32.43
2018-04-27,32.51,4584739,33.09,33.22,31.99
2018-04-30,33.36,6867682,32.5,33.58,32.475
2018-05-01,33.63,3488368,33.26,33.71,32.805
2018-05-02,34.25,8217708,33.32,34.74,33.2
2018-05-03,33.95,4266847,34.33,34.72,33.26
2018-05-04,33.58,3332093,33.75,33.86,32.98
2018-05-07,34.08,2733233,33.64,34.72,33.61
2018-05-08,33.74,2422553,34.09,34.32,33.32
2018-05-09,34.32,3811257,33.77,34.485,33.77
2018-05-10,35.27,4111102,34.7,35.58,34.54
2018-05-11,35.09,3425402,35.32,35.92,34.57
2018-05-14,34.86,3280674,35.31,35.8,34.81
2018-05-15,33.9,3974636,34.33,34.33,33.56
2018-05-16,34.19,1982658,34.06,34.54,34.0
2018-05-17,34.07,3572710,33.99,34.69,33.55
2018-05-18,33.99,2452286,33.95,34.08,33.7
2018-05-21,34.63,2790349,34.32,34.9797,34.32
2018-05-22,34.22,1370622,34.8,34.83,34.17
2018-05-23,34.54,1696404,33.88,34.59,33.745
2018-05-24,33.54,4672559,34.23,34.59,33.33
2018-05-25,33.29,1936422,33.67,33.745,33.23
2018-05-29,32.46,4308901,33.38,33.395,32.35
2018-05-30,33.34,3561479,32.83,33.43,32.44
2018-05-31,33.52,2701105,33.29,33.92,33.18
2018-06-01,34.4,2815040,33.7,34.73,33.67
2018-06-04,35.48,3182755,34.47,35.59,34.33
2018-06-05,35.69,3623209,35.25,36.1,35.25
2018-06-06,35.8,1613424,35.79,35.97,35.41
2018-06-07,34.31,3362667,35.88,35.901,34.11
2018-06-08,34.56,1575607,34.23,34.635,34.045
2018-06-11,34.99,2412186,35.31,35.315,34.78
2018-06-12,36.47,4467845,34.99,36.835,34.99
2018-06-13,36.41,4038473,36.5,37.31,36.11
2018-06-14,36.82,3016240,36.47,37.01,36.3
2018-06-15,35.96,2538877,36.63,36.66,35.73
2018-06-18,36.85,3596918,35.62,37.08,35.29
2018-06-19,35.99,4319758,36.14,36.37,35.4
2018-06-20,36.14,2022418,36.3,36.69,35.91
2018-06-21,35.36,2034863,36.19,36.25,35.23
2018-06-22,35.55,2033778,35.76,35.87,34.7375
2018-06-25,34.56,2703019,35.38,35.39,34.33
2018-06-26,34.95,2282027,34.48,35.15,34.14
2018-06-27,34.55,2732809,35.15,35.69,34.51
2018-06-28,35.3,3707401,34.52,35.425,34.3
2018-06-29,35.9,3954582,35.18,36.17,35.03
2018-07-02,36.13,2087150,35.5,36.14,35.12
2018-07-03,35.11,1509684,36.12,36.21,35.01
2018-07-05,36.2,2757561,35.71,36.255,34.985
2018-07-06,36.95,1732549,35.9,37.01,35.9
2018-07-09,37.49,2345839,37.07,37.59,36.85
2018-07-10,37.05,2500575,37.63,37.83,36.79
2018-07-11,36.73,1922327,36.76,37.6,36.54
2018-07-12,38.56,3841430,36.8,38.61,36.74
2018-07-13,37.91,1930952,38.35,38.56,37.595
2018-07-16,37.55,2077881,38.02,38.02,37.05
2018-07-17,38.47,3690518,37.13,39.04,37.07
2018-07-18,38.06,2731169,38.18,38.36,37.55
2018-07-19,36.49,4092342,37.79,38.06,36.43
2018-07-20,36.82,2725283,36.46,36.96,36.23
2018-07-23,37.14,1754623,36.86,37.17,36.46
2018-07-24,37.29,3103903,37.72,38.58,37.18
2018-07-25,38.62,3414050,37.51,38.65,37.32
2018-07-26,37.37,6142205,39.49,39.7,37.24
2018-07-27,36.87,4996886,37.96,38.68,36.63
2018-07-30,35.7,4566896,37.24,37.48,34.9
2018-07-31,35.96,4492954,36.08,36.33,35.63
2018-08-01,35.73,3751513,36.31,36.52,35.71
2018-08-02,35.95,3676199,35.31,35.98,34.78
2018-08-03,35.59,3542215,35.68,35.89,35.38
2018-08-06,35.29,3107946,35.4,35.62,34.63
2018-08-07,35.4,2031703,35.39,36.1,35.35
2018-08-08,32.14,10297500,34.59,34.74,32.1
2018-08-09,31.82,7148400,32.51,33.02,31.76
2018-08-10,31.89,6406756,31.25,32.14,30.78
2018-08-13,32.04,4153124,32.0,32.27,31.57
2018-08-14,32.1,2840419,32.53,32.67,31.68
2018-08-15,31.34,4339128,31.45,31.66,30.53
2018-08-16,31.69,4077470,31.4,32.06,31.4
2018-08-17,31.27,3655748,31.56,31.74,30.83
2018-08-20,31.63,3566152,31.48,31.9699,31.39
2018-08-21,31.96,3511111,31.65,32.28,31.65
2018-08-22,31.49,3388911,31.73,32.04,31.285
2018-08-23,30.86,2749839,31.4,31.9,30.83
2018-08-24,31.79,3989765,31.3,31.82,31.15
2018-08-27,32.09,3687933,31.95,32.39,31.65
2018-08-28,31.68,1856376,32.24,32.4154,31.6
2018-08-29,32.0,2991782,31.75,32.2351,31.51
2018-08-30,31.2,2697584,31.77,31.9,31.105
2018-08-31,32.13,2701747,31.22,32.24,31.15
2018-09-04,32.02,3194758,31.82,32.14,31.34
2018-09-05,30.99,3639623,31.95,32.0,30.79
2018-09-06,29.71,6113706,30.74,30.82,29.5
2018-09-07,30.14,6857289,29.69,30.35,29.565
2018-09-10,30.32,2229618,30.01,30.39,29.84
2018-09-11,30.04,3378137,29.97,30.1798,29.67
2018-09-12,30.18,2314521,30.22,30.43,29.48
2018-09-13,31.34,3327267,30.77,31.72,30.67
2018-09-14,32.34,2958854,31.5,32.47,31.451
2018-09-17,31.09,1570217,32.15,32.37,31.02
2018-09-18,31.68,1624676,31.43,32.055,31.23
2018-09-19,32.42,1582767,32.1,32.62,31.743
2018-09-20,33.0,2494649,32.83,33.37,32.51
2018-09-21,33.0,1740025,32.95,33.25,32.82
2018-09-24,33.47,2284943,33.07,33.58,32.55
2018-09-25,33.45,1439894,33.29,33.66,33.17
2018-09-26,33.19,2348062,33.44,33.82,33.12
2018-09-27,33.28,2148425,33.95,33.95,33.13
2018-09-28,32.89,2306930,32.9,33.15,32.53
2018-10-01,32.47,1754471,33.08,33.27,32.31
2018-10-02,32.75,2768888,32.63,32.91,32.02
2018-10-03,33.45,2284500,32.89,33.47,32.84
2018-10-04,32.31,5404759,32.31,32.89,31.72
2018-10-05,32.43,5791899,32.12,32.81,31.725
2018-10-08,33.35,2925436,32.0,33.38,31.85
2018-10-09,33.33,2957372,33.03,33.67,33.03
2018-10-10,31.8,5223467,33.16,33.2,31.8
2018-10-11,31.93,2786660,32.06,32.68,31.6
2018-10-12,32.73,1593661,32.62,32.89,31.93
2018-10-15,33.2,1405274,32.49,33.634,32.43
2018-10-16,35.68,5704915,34.72,35.8,34.1
2018-10-17,35.88,2410713,35.1,35.98,35.03
2018-10-18,29.49,19945510,35.35,35.9,28.52
2018-10-19,27.42,30619350,30.48,30.5,24.9
2018-10-22,27.53,20089590,29.72,30.5,25.9
2018-10-23,26.78,9414515,26.94,27.45,26.41
2018-10-24,25.81,5242074,27.48,27.65,25.8
2018-10-25,27.0,5739255,26.48,27.28,26.38
2018-10-26,27.25,5740884,26.57,27.65,26.13
2018-10-29,27.22,6369687,28.3,28.89,26.82
2018-10-30,27.56,4370085,27.54,28.32,27.1
2018-10-31,30.13,7190385,28.38,30.5,28.31
2018-11-01,30.74,5706715,29.77,31.07,29.67
2018-11-02,29.7,4318639,30.48,30.84,29.62
2018-11-05,30.18,2630797,29.72,30.28,29.155
2018-11-06,30.15,2305417,30.33,30.65,29.82
2018-11-07,29.71,2682444,30.3,30.4,29.54
2018-11-08,29.1,3382777,29.71,29.861,28.76
2018-11-09,28.21,2422561,28.57,28.79,27.82
2018-11-12,27.74,2841342,28.27,28.5,27.15
2018-11-13,28.04,2637330,28.18,28.41,27.79
2018-11-14,28.91,3386654,28.66,29.27,28.43
2018-11-15,29.41,3083203,28.84,29.41,28.72
2018-11-16,29.25,1889347,29.19,29.43,28.845
2018-11-19,29.09,3041324,29.16,29.54,28.94
2018-11-20,27.85,3871957,28.28,29.19,27.66
2018-11-21,29.38,2345643,28.83,30.0,28.6
2018-11-23,28.31,1945373,28.68,28.88,27.94
2018-11-26,28.96,1817193,27.89,29.245,27.84
2018-11-27,29.07,852204,28.62,29.41,28.62
2018-11-28,29.93,1655168,29.01,30.0,28.64
2018-11-29,29.16,1648292,30.01,30.01,29.02
2018-11-30,29.5,2135064,29.16,29.565,28.79
2018-12-03,30.01,3071622,30.01,30.38,29.64
2018-12-04,28.7,2240305,29.82,29.93,28.4
2018-12-06,28.6,3509768,28.37,28.7,27.89
2018-12-07,28.68,1929075,29.0,29.3,28.515
2018-12-10,27.91,2295723,28.56,28.9827,27.8
2018-12-11,26.85,3726647,28.37,28.4,26.795
2018-12-12,28.69,3402205,27.62,28.94,27.41
2018-12-13,27.9,1910436,28.56,28.68,27.86
2018-12-14,28.01,1848725,27.74,28.59,27.48
2018-12-17,27.48,2414061,27.96,28.29,27.11
2018-12-18,27.2,2543949,27.69,27.97,27.08
2018-12-19,27.26,2306076,27.2,28.35,27.14
2018-12-20,27.28,2010276,27.48,27.74,26.46
2018-12-21,26.44,2295770,27.23,27.41,26.35
2018-12-24,27.08,1575460,26.58,27.305,26.37
2018-12-26,27.79,2042321,26.95,27.79,26.2
2018-12-27,27.56,1104202,27.0,27.58,26.71
2018-12-28,27.91,1421689,27.5,28.47,27.43
2018-12-31,27.35,931225,28.05,28.25,27.02
2019-01-02,27.51,971303,26.86,27.775,26.86
2019-01-03,26.8,1589697,27.57,27.64,26.77
2019-01-04,28.56,1834615,27.49,28.88,27.39
2019-01-07,29.02,1323557,28.68,29.33,28.32
2019-01-08,29.09,1157194,29.02,29.16,28.55
2019-01-09,29.78,1648766,29.16,29.9,29.07
2019-01-10,29.7,1572023,29.31,29.95,29.24
2019-01-11,29.89,1195348,29.65,30.41,29.41
2019-01-14,29.55,1330878,29.39,30.03,29.29
2019-01-15,29.54,1148225,29.61,30.01,29.365
2019-01-16,29.81,1645764,29.84,30.03,29.6
2019-01-17,31.03,2695698,29.52,31.09,29.47
2019-01-18,30.82,1383899,30.97,31.1,30.7
2019-01-22,30.53,1781913,30.61,31.23,30.255
2019-01-23,31.3,2196942,31.27,31.38,30.69
2019-01-24,32.02,2980622,31.21,32.1,31.2
2019-01-25,33.6,3291840,32.15,33.63,32.15
2019-01-28,33.06,3367657,32.25,33.37,32.2
2019-01-29,32.28,1805237,32.94,33.03,32.2
2019-01-30,33.79,3017518,32.68,33.82,32.48
2019-01-31,33.58,2605128,33.53,33.97,33.3
2019-02-01,33.68,1309586,33.41,33.83,33.35
2019-02-04,34.26,776207,33.59,34.2899,33.45
2019-02-05,34.42,1550033,34.17,34.7,34.1
2019-02-06,33.77,1517645,34.02,34.29,33.69
2019-02-07,33.03,1567633,33.35,33.48,32.75
2019-02-08,33.23,1475520,32.83,33.25,32.57
2019-02-11,33.5,1001337,33.47,33.76,33.21
2019-02-12,34.01,2372021,34.13,34.29,33.68
2019-02-13,33.86,3989803,33.69,34.46,33.6
2019-02-14,34.41,4599047,33.44,34.7379,33.335
2019-02-15,31.47,6818209,33.65,33.75,31.39
2019-02-19,32.83,7491765,31.98,33.07,31.615
2019-02-20,32.86,3687722,33.1,33.21,32.53
2019-02-21,31.79,1839227,32.68,32.77,31.71
2019-02-22,33.69,4771625,32.23,33.79,32.08
2019-02-25,33.59,2320596,33.64,34.19,33.45
2019-02-26,33.38,2418201,33.49,33.55,32.69
2019-02-27,33.08,2468196,32.95,33.26,32.435
2019-02-28,34.4,4420631,32.97,34.69,32.82
2019-03-01,34.64,3691383,34.02,34.67,34.0
2019-03-04,35.0,2754793,34.65,35.33,34.38
2019-03-05,36.16,3334768,34.96,36.25,34.77
2019-03-06,35.98,2934043,36.15,36.44,35.6862
2019-03-07,35.21,1606240,35.83,35.89,34.96
2019-03-08,35.1,2145024,34.71,35.34,34.21
2019-03-11,36.0,2402791,35.41,36.01,35.34
2019-03-12,35.58,2696685,36.02,36.12,35.05
2019-03-13,35.72,2452066,36.04,36.1777,35.485
2019-03-14,35.69,1689435,35.77,35.97,35.09
2019-03-15,35.98,3355381,35.81,36.32,35.64
2019-03-18,35.97,2409251,36.76,36.79,35.61
2019-03-19,35.93,2377054,36.11,36.23,35.76
2019-03-20,35.76,3576849,36.13,36.1309,35.28
2019-03-21,35.88,2443279,36.0,36.01,35.11
2019-03-22,35.31,1935964,35.5,35.79,34.825
2019-03-25,35.73,2594280,35.26,36.02,35.2025
2019-03-26,35.59,1572154,36.03,36.065,35.42
2019-03-27,34.84,1872661,35.51,35.67,34.68
2019-03-28,35.6,3100082,34.86,35.975,34.49
2019-03-29,34.34,6168779,35.75,35.83,34.14
2019-04-01,33.97,4177441,34.72,34.84,33.67
2019-04-02,34.93,5039881,33.91,34.9625,33.91
2019-04-03,34.77,1613715,34.81,35.035,34.56
2019-04-04,34.64,1941208,34.75,35.12,34.51
2019-04-05,35.21,2148263,34.79,35.325,34.64
2019-04-08,35.75,2003096,35.2,35.79,35.07
2019-04-09,35.98,1947521,35.72,36.29,35.72
2019-04-10,37.45,4067107,36.05,37.65,35.96
2019-04-11,37.8,2335515,37.21,37.97,37.13
2019-04-12,38.9,3670623,37.91,38.995,37.7
2019-04-15,39.0,3835512,38.4,39.03,38.0
2019-04-16,38.83,1919944,38.85,39.02,38.63
2019-04-17,38.2,3719019,39.04,39.37,38.07
2019-04-18,37.34,3590525,38.12,38.17,37.21
2019-04-22,37.44,1960352,37.59,37.67,37.41
2019-04-23,37.81,4079396,37.52,38.03,37.47
2019-04-24,37.62,2650955,37.6,37.68,37.22
2019-04-25,37.12,3460191,38.0,38.07,36.02
2019-04-26,36.69,1862038,37.15,37.18,36.49
2019-04-29,37.32,2283732,37.02,37.57,36.91
2019-04-30,37.43,2654933,37.17,37.47,36.83
2019-05-01,38.08,2850906,37.53,38.645,37.45
2019-05-02,36.5,3678386,37.82,37.93,36.35
2019-05-03,37.24,2063023,36.87,37.25,36.71
2019-05-06,36.99,1928813,36.22,37.2,35.96
2019-05-07,36.32,884238,36.69,36.86,36.12
2019-05-08,36.5,2177147,36.33,36.63,36.13
2019-05-09,36.46,1966120,36.22,36.76,35.62
2019-05-10,36.25,2337791,36.31,36.47,35.625
2019-05-13,34.83,2689703,35.59,35.83,34.715
2019-05-14,35.07,1496968,35.23,35.39,34.82
2019-05-15,36.31,2563278,34.75,36.31,34.7
2019-05-16,37.27,2243113,36.28,37.35,36.26
2019-05-17,37.79,3487584,36.65,38.34,36.58
2019-05-20,36.87,2328665,37.29,37.37,36.68
2019-05-21,37.42,1902716,37.27,37.54,36.94
2019-05-22,37.65,1185889,37.28,37.82,37.27
2019-05-23,36.39,1544374,36.96,37.0,36.2
2019-05-24,37.31,1020634,36.95,37.37,36.7
2019-05-28,35.8,6916140,36.81,37.2,34.61
2019-05-29,36.33,2112621,35.58,36.54,35.31
2019-05-30,36.39,1118298,36.13,36.61,36.13
2019-05-31,35.92,1434817,35.82,36.14,35.62
2019-06-03,35.44,2841314,35.79,36.05,34.59
2019-06-04,36.27,1943804,35.53,36.3,35.17
2019-06-05,36.28,1621671,36.09,36.37,35.94
2019-06-06,37.14,2057504,36.41,37.34,36.27
2019-06-07,37.28,2008951,37.21,37.73,37.11
2019-06-10,37.77,1291281,37.47,38.0,37.34
2019-06-11,38.32,3510934,38.15,39.1801,38.15
2019-06-12,38.31,1614121,38.36,38.48,37.78
2019-06-13,38.85,1490623,38.64,38.93,38.42
2019-06-14,37.95,1124401,38.6,38.73,37.855
2019-06-17,38.36,639572,38.5,38.6,38.14
2019-06-18,38.77,1213146,38.59,38.99,38.57
2019-06-19,38.99,695171,38.94,39.0,38.5
2019-06-20,39.42,1835210,39.53,39.97,39.21
2019-06-21,39.02,1482302,39.0,39.315,38.81
2019-06-24,39.09,939439,39.26,39.28,38.85
2019-06-25,37.59,1600104,39.15,39.15,37.43
2019-06-26,37.67,2019697,37.95,38.44,37.59
2019-06-27,38.84,2917333,37.93,39.1161,37.61
2019-06-28,38.0,2511542,38.73,38.73,37.71
2019-07-01,39.23,2138308,38.65,39.74,38.65
2019-07-02,39.69,2485088,39.0,40.03,38.8
2019-07-03,39.33,877995,39.47,39.58,39.02
2019-07-05,39.2,2037122,39.06,39.24,38.51
2019-07-08,38.72,969344,39.02,39.09,38.4501
2019-07-09,39.45,2220580,38.3,39.49,38.19
2019-07-10,39.82,1190541,39.63,39.925,39.46
2019-07-11,39.97,929229,39.77,40.0,39.47
2019-07-12,40.33,2157725,40.24,41.02,40.17
2019-07-15,40.48,2332842,40.64,40.92,40.44
2019-07-16,40.27,1059259,40.6,40.6675,40.0
2019-07-17,39.57,923513,40.28,40.5,39.52
2019-07-18,39.61,1174980,39.56,39.78,39.31
2019-07-19,39.0,2112946,39.95,40.53,38.94
2019-07-22,39.59,1764551,39.56,39.85,39.17
2019-07-23,39.63,983343,39.55,39.69,39.13
2019-07-24,39.99,1660808,39.62,40.105,39.32
2019-07-25,38.41,4066999,39.9,39.9,38.255
2019-07-26,37.04,14368360,40.31,42.37,35.84
2019-07-29,39.34,6672461,38.74,39.35,37.595
2019-07-30,38.87,3928074,39.7,39.7,38.53
2019-07-31,39.22,2660334,39.0,39.465,38.6
2019-08-01,38.25,3294738,38.97,40.08,38.16
2019-08-02,37.54,2183881,38.29,38.33,37.26
2019-08-05,36.34,2776691,37.0,37.12,36.13
2019-08-06,37.1,1511003,37.03,37.42,36.65
2019-08-07,36.54,2235136,36.67,37.31,36.48
2019-08-08,37.36,1298706,37.15,37.395,36.84
2019-08-09,36.96,1327528,37.0,37.18,36.67
2019-08-12,36.27,889953,36.82,36.9,36.23
2019-08-13,37.53,1849368,36.27,37.91,36.2
2019-08-14,35.87,1393125,36.49,36.52,35.84
2019-08-15,35.86,1715532,35.88,35.98,35.53
2019-08-16,36.48,1186967,35.95,36.61,35.85
2019-08-19,36.41,1719713,36.43,36.7,35.95
2019-08-20,36.48,1176850,36.58,36.85,36.4
2019-08-21,36.46,1833038,36.85,37.09,36.27
2019-08-22,36.55,1200028,36.72,36.81,36.26
2019-08-23,35.79,955776,36.27,36.87,35.71
2019-08-26,36.15,596630,36.32,36.42,36.05
2019-08-27,36.49,831519,36.27,36.71,36.25
2019-08-28,36.21,861125,36.27,36.66,36.01
2019-08-29,36.86,977045,36.48,36.98,36.4
2019-08-30,37.1,964397,37.07,37.17,36.74
2019-09-03,37.1,1934281,36.62,37.28,36.59
2019-09-04,37.96,1129965,37.52,38.01,37.31
2019-09-05,38.08,1389243,37.93,38.16,37.35
2019-09-06,37.99,1400450,38.15,38.35,37.97
2019-09-09,37.48,2367290,38.12,38.16,37.215
2019-09-10,37.48,1566668,37.74,37.8,37.11
2019-09-11,37.66,1032306,37.66,37.87,37.5
2019-09-12,37.74,656673,37.88,38.16,37.61
2019-09-13,37.88,773728,38.09,38.15,37.76
2019-09-16,38.03,688200,37.93,38.31,37.88
2019-09-17,37.68,1457745,38.12,38.12,37.56
2019-09-18,37.33,2208218,37.96,38.14,37.03
2019-09-19,37.44,1695613,37.76,37.85,37.26
2019-09-20,35.77,4740818,37.51,37.61,35.77
2019-09-23,36.585,3104563,36.28,36.73,36.02
2019-09-24,36.01,2245791,36.72,36.74,35.74
2019-09-25,36.48,1498864,35.91,36.67,35.42
2019-09-26,36.17,1434109,36.34,36.43,36.0
2019-09-27,35.26,1617739,36.18,36.19,35.09
2019-09-30,35.01,3088692,35.3,35.31,34.62
2019-10-01,34.76,3126173,35.28,35.59,34.74
2019-10-02,34.03,3499558,34.67,34.71,33.97
2019-10-03,34.93,2655015,34.24,35.03,33.81
2019-10-04,35.36,2401254,35.05,35.41,34.92
2019-10-07,35.28,1764295,35.25,35.45,35.12
2019-10-08,35.4,6023375,34.96,35.57,34.902
2019-10-09,35.66,1582796,35.62,35.86,35.47
2019-10-10,35.56,2263539,35.58,36.11,35.48
2019-10-11,29.99,34463320,31.74,32.63,28.91
2019-10-14,30.3,7994256,31.0,31.62,30.255
2019-10-15,30.52,7040414,30.9,31.13,30.32
2019-10-16,30.2,3583247,30.74,30.87,30.07
2019-10-17,30.29,5132137,30.1,30.35,29.93
2019-10-18,29.76,4379683,30.6,30.6604,29.5
2019-10-21,32.76,13382520,32.537,33.29,32.09
2019-10-22,32.18,4767123,32.63,32.8,31.77
2019-10-23,31.98,2109364,32.17,32.27,31.66
2019-10-24,32.7,2790138,32.54,32.76,32.29
2019-10-25,32.27,3228436,32.68,32.73,31.9962
2019-10-28,33.58,5081888,32.5,34.07,32.46
2019-10-29,33.66,2400285,33.12,33.76,33.12
2019-10-30,33.57,1477386,33.75,33.835,33.42
2019-10-31,33.39,2533524,33.58,33.845,33.01
2019-11-01,33.85,1468446,33.55,33.88,33.32
2019-11-04,34.24,1262297,33.9,34.33,33.75
2019-11-05,34.52,2253497,34.12,34.54,34.07
2019-11-06,34.2,1915322,34.42,34.47,34.05
2019-11-07,34.07,1887200,34.4,34.55,33.96
2019-11-08,34.16,1660630,33.96,34.37,33.86
2019-11-11,34.23,1092970,33.96,34.46,33.8201
2019-11-12,33.87,1346838,33.97,34.16,33.695
2019-11-13,33.88,1195250,33.75,33.95,33.615
2019-11-14,34.56,1782474,34.01,34.6,33.84
2019-11-15,35.79,4712279,34.7,36.0,34.7
2019-11-18,40.07,16520370,38.13,40.31,38.1
2019-11-19,39.43,4841032,39.36,39.66,39.172
2019-11-20,40.15,2712956,38.97,40.215,38.8
2019-11-21,40.09,2598023,40.08,40.19,39.67
2019-11-22,40.46,1755400,40.18,40.69,40.01
2019-11-25,41.07,2125477,40.37,41.48,40.37
2019-11-26,41.47,2552003,41.32,41.6,40.79
2019-11-27,41.81,1629502,41.34,41.905,41.34
2019-11-29,41.97,1990245,41.34,42.1,41.33
